id,accession,genbank,antisense5-3,positionStart,positionEnd,length,targetRNA5-3,antisense3-5,modification,modifiedSeq,Efficacy,Concentration,unit,assay_1,assay_2,assay3
1,B040426001,X62295,TTCAGGCAGTTGTTAAAATA,1145,1164,20,UAUUUUAACAACUGCCUGAA,ATAAAATTGTTGACGGACTT,phosphorothioate-modified,,0.14,1000,nm,in vitro,protein level,radioligand binding assay
2,B040426002,X62295,GGGTTCAGGCAGTTGTTAAA,1148,1167,20,UUUAACAACUGCCUGAACCC,AAATTGTTGACGGACTTGGG,phosphorothioate-modified,,0.71,1000,nm,in vitro,protein level,radioligand binding assay
3,B040426003,X62295,AGAGGGTTCAGGCAGTTGTT,1151,1170,20,AACAACUGCCUGAACCCUCU,TTGTTGACGGACTTGGGAGA,phosphorothioate-modified,,0.7,1000,nm,in vitro,protein level,radioligand binding assay
5,B040426005,X62295,GTGATGGGCATGGCAGTGTC,1112,1131,20,GACACUGCCAUGCCCAUCAC,CTGTGACGGTACGGGTAGTG,phosphorothioate-modified,,0.71,1000,nm,in vitro,protein level,radioligand binding assay
6,B040426006,X62295,TGGTGATGGGCATGGCAGTG,1114,1133,20,CACUGCCAUGCCCAUCACCA,GTGACGGTACGGGTAGTGGT,phosphorothioate-modified,,0.79,1000,nm,in vitro,protein level,radioligand binding assay
8,B040426008,X62295,TAGCTGGTGAGAATGATAAG,896,915,20,CUUAUCAUUCUCACCAGCUA,GAATAGTAAGAGTGGTCGAT,phosphorothioate-modified,,0.56,1000,nm,in vitro,protein level,radioligand binding assay
9,B040426009,X62295,GTATAGCTGGTGAGAATGAT,899,918,20,AUCAUUCUCACCAGCUAUAC,TAGTAAGAGTGGTCGATATG,phosphorothioate-modified,,0.54,1000,nm,in vitro,protein level,radioligand binding assay
10,B040426010,X62295,AGGGTATAGCTGGTGAGAAT,902,921,20,AUUCUCACCAGCUAUACCCU,TAAGAGTGGTCGATATGGGA,phosphorothioate-modified,,0.61,1000,nm,in vitro,protein level,radioligand binding assay
11,B040426011,X62295,TAAGGGTATAGCTGGTGAGA,904,923,20,UCUCACCAGCUAUACCCUUA,AGAGTGGTCGATATGGGAAT,phosphorothioate-modified,,0.65,1000,nm,in vitro,protein level,radioligand binding assay
13,B040426013,X62295,AGCGTCGAATTCCGAGACTC,824,843,20,GAGUCUCGGAAUUCGACGCU,CTCAGAGCCTTAAGCTGCGA,phosphorothioate-modified,,0.71,1000,nm,in vitro,protein level,radioligand binding assay
14,B040426014,X62295,GGGAGCGTCGAATTCCGAGA,827,846,20,UCUCGGAAUUCGACGCUCCC,AGAGCCTTAAGCTGCGAGGG,phosphorothioate-modified,,0.79,1000,nm,in vitro,protein level,radioligand binding assay
15,B040426015,X62295,GGTCGATGCTGAGACACGTG,628,647,20,CACGUGUCUCAGCAUCGACC,GTGCACAGAGTCGTAGCTGG,phosphorothioate-modified,,0.51,1000,nm,in vitro,protein level,radioligand binding assay
16,B040426016,X62295,GCGGTCGATGCTGAGACACG,630,649,20,CGUGUCUCAGCAUCGACCGC,GCACAGAGTCGTAGCTGGCG,phosphorothioate-modified,,0.65,1000,nm,in vitro,protein level,radioligand binding assay
17,B040426017,X62295,TAGCGGTCGATGCTGAGACA,632,651,20,UGUCUCAGCAUCGACCGCUA,ACAGAGTCGTAGCTGGCGAT,phosphorothioate-modified,,0.25,1000,nm,in vitro,protein level,radioligand binding assay
18,B040426018,X62295,GGTAGCGGTCGATGCTGAGA,634,653,20,UCUCAGCAUCGACCGCUACC,AGAGTCGTAGCTGGCGATGG,phosphorothioate-modified,,0.61,1000,nm,in vitro,protein level,radioligand binding assay
19,B040426019,X62295,ACACGTGAGAAGGAACACAC,615,634,20,GUGUGUUCCUUCUCACGUGU,CACACAAGGAAGAGTGCACA,phosphorothioate-modified,,0.49,1000,nm,in vitro,protein level,radioligand binding assay
20,B040426020,X62295,AGACACGTGAGAAGGAACAC,617,636,20,GUGUUCCUUCUCACGUGUCU,CACAAGGAAGAGTGCACAGA,phosphorothioate-modified,,0.5,1000,nm,in vitro,protein level,radioligand binding assay
21,B040426021,X62295,GGCGTAGAGGTTGAAGCTCA,594,613,20,UGAGCUUCAACCUCUACGCC,ACTCGAAGTTGGAGATGCGG,phosphorothioate-modified,,0.73,1000,nm,in vitro,protein level,radioligand binding assay
22,B040426022,X62295,CTGGCGTAGAGGTTGAAGCT,596,615,20,AGCUUCAACCUCUACGCCAG,TCGAAGTTGGAGATGCGGTC,phosphorothioate-modified,,0.59,1000,nm,in vitro,protein level,radioligand binding assay
23,B040426023,X62295,AGAAGAGTTAAGGGCCATTT,270,289,20,AAAUGGCCCUUAACUCUUCU,TTTACCGGGAATTGAGAAGA,phosphorothioate-modified,,0.54,1000,nm,in vitro,protein level,radioligand binding assay
24,B040426024,X62295,GCAGAAGAGTTAAGGGCCAT,272,291,20,AUGGCCCUUAACUCUUCUGC,TACCGGGAATTGAGAAGACG,phosphorothioate-modified,,0.68,1000,nm,in vitro,protein level,radioligand binding assay
25,B040426025,X62295,CAGCAGAAGAGTTAAGGGCC,274,293,20,GGCCCUUAACUCUUCUGCUG,CCGGGAATTGAGAAGACGAC,phosphorothioate-modified,,0.63,1000,nm,in vitro,protein level,radioligand binding assay
26,B040426026,X62295,AACAGAGGGTTCAGGCAGTT,1154,1173,20,AACUGCCUGAACCCUCUGUU,TTGACGGACTTGGGAGACAA,phosphorothioate-modified,,0.63,250,nm,in vitro,protein level,radioligand binding assay
27,B040426027,X62295,GATGGTGATGGGCATGGCAG,1116,1135,20,CUGCCAUGCCCAUCACCAUC,GACGGTACGGGTAGTGGTAG,phosphorothioate-modified,,0.61,250,nm,in vitro,protein level,radioligand binding assay
28,B040426028,X62295,GTCGAATTCCGAGACTCATA,821,840,20,UAUGAGUCUCGGAAUUCGAC,ATACTCAGAGCCTTAAGCTG,phosphorothioate-modified,,0.76,250,nm,in vitro,protein level,radioligand binding assay
29,B040426029,X62295,TCTTTTGATACCATCTTCAG,291,310,20,CUGAAGAUGGUAUCAAAAGA,GACTTCTACCATAGTTTTCT,phosphorothioate-modified,,0.16,250,nm,in vitro,protein level,radioligand binding assay
30,B040426030,X62295,TGACAAATATGTAACTGTGC,340,359,20,GCACAGUUACAUAUUUGUCA,CGTGTCAATGTATAAACAGT,phosphorothioate-modified,,0.14,250,nm,in vitro,protein level,radioligand binding assay
31,B040426031,X62295,AATGACAATCACCACCAAGC,411,430,20,GCUUGGUGGUGAUUGUCAUU,CGAACCACCACTAACAGTAA,phosphorothioate-modified,,0.51,250,nm,in vitro,protein level,radioligand binding assay
32,B040426032,X62295,AGCGATCTTACATAGGTGAT,564,583,20,AUCACCUAUGUAAGAUCGCU,TAGTGGATACATTCTAGCGA,phosphorothioate-modified,,0.23,250,nm,in vitro,protein level,radioligand binding assay
33,B040426033,X62295,TGATGCAGGTGACTTTGGCC,703,722,20,GGCCAAAGUCACCUGCAUCA,CCGGTTTCAGTGGACGTAGT,phosphorothioate-modified,,0.29,250,nm,in vitro,protein level,radioligand binding assay
34,B040426034,X62295,TCAGCCAGATGATGATGCAG,715,734,20,CUGCAUCAUCAUCUGGCUGA,GACGTAGTAGTAGACCGACT,phosphorothioate-modified,,0.01,250,nm,in vitro,protein level,radioligand binding assay
35,B040426035,X62295,GGAACAAGAAGCCCAGAATA,871,890,20,UAUUCUGGGCUUCUUGUUCC,ATAAGACCCGAAGAACAAGG,phosphorothioate-modified,,0.54,250,nm,in vitro,protein level,radioligand binding assay
36,B040426036,X62295,CATAAGCCTTCTTTAGAGCT,931,950,20,AGCUCUAAAGAAGGCUUAUG,TCGAGATTTCTTCCGAATAC,phosphorothioate-modified,,0.42,250,nm,in vitro,protein level,radioligand binding assay
37,B040525001,XM_051583,CGGGAGGCGGTCACATTCGG,1,20,20,CCGAAUGUGACCGCCUCCCG,GGCTTACACTGGCGGAGGGC,phosphorothioate-modified,,0.75,200,nm,in vitro,RNA level,not_specified
38,B040525002,XM_051583,GGTGAGGGAGCGGGAGGCGG,11,30,20,CCGCCUCCCGCUCCCUCACC,GGCGGAGGGCGAGGGAGTGG,phosphorothioate-modified,,0.02,200,nm,in vitro,RNA level,not_specified
39,B040525003,XM_051583,TCCTCCTCCCCGCGGCGGGT,28,47,20,ACCCGCCGCGGGGAGGAGGA,TGGGCGGCGCCCCTCCTCCT,phosphorothioate-modified,,0.05,200,nm,in vitro,RNA level,not_specified
40,B040525004,XM_051583,CGCTCCTCCTCCCCGCGGCG,31,50,20,CGCCGCGGGGAGGAGGAGCG,GCGGCGCCCCTCCTCCTCGC,phosphorothioate-modified,,0.65,200,nm,in vitro,RNA level,not_specified
42,B040525006,XM_051583,TTCTCGCCCGCTCCTCCTCC,39,58,20,GGAGGAGGAGCGGGCGAGAA,CCTCCTCCTCGCCCGCTCTT,phosphorothioate-modified,,0.35,200,nm,in vitro,RNA level,not_specified
43,B040525007,XM_051583,TTCGGCGGCAGCTTCTCGCC,51,70,20,GGCGAGAAGCUGCCGCCGAA,CCGCTCTTCGACGGCGGCTT,phosphorothioate-modified,,0.63,200,nm,in vitro,RNA level,not_specified
44,B040525008,XM_051583,GCCGCCCCAACGTCCTGTCG,71,90,20,CGACAGGACGUUGGGGCGGC,GCTGTCCTGCAACCCCGCCG,phosphorothioate-modified,,0.58,200,nm,in vitro,RNA level,not_specified
45,B040525009,XM_051583,ATTCTTAAACCTGAGGGAGC,94,113,20,GCUCCCUCAGGUUUAAGAAU,CGAGGGAGTCCAAATTCTTA,phosphorothioate-modified,,0,200,nm,in vitro,RNA level,not_specified
46,B040525010,XM_051583,GATGCAGCTTAAACAATTCT,109,128,20,AGAAUUGUUUAAGCUGCAUC,TCTTAACAAATTCGACGTAG,phosphorothioate-modified,,0.01,200,nm,in vitro,RNA level,not_specified
47,B040525011,XM_051583,CCCTGTATGTGCTCCATTGA,127,146,20,UCAAUGGAGCACAUACAGGG,AGTTACCTCGTGTATGTCCC,phosphorothioate-modified,,0.62,200,nm,in vitro,RNA level,not_specified
48,B040525012,XM_051583,GGTGCAAAGTCAACTAGAAG,2070,2089,20,CUUCUAGUUGACUUUGCACC,GAAGATCAACTGAAACGTGG,phosphorothioate-modified,,0.12,200,nm,in vitro,RNA level,not_specified
49,B040525013,XM_051583,TTCTCCTCCTCCCCTGGCAG,2100,2119,20,CUGCCAGGGGAGGAGGAGAA,GACGGTCCCCTCCTCCTCTT,phosphorothioate-modified,,0.2,200,nm,in vitro,RNA level,not_specified
50,B040525014,XM_051583,CTGGCTTCTCCTCCTCCCCT,2105,2124,20,AGGGGAGGAGGAGAAGCCAG,TCCCCTCCTCCTCTTCGGTC,phosphorothioate-modified,,0.05,200,nm,in vitro,RNA level,not_specified
51,B040525015,XM_051583,CCTGCTGGCTTCTCCTCCTC,2109,2128,20,GAGGAGGAGAAGCCAGCAGG,CTCCTCCTCTTCGGTCGTCC,phosphorothioate-modified,,0.08,200,nm,in vitro,RNA level,not_specified
52,B040525016,XM_051583,CAGCACTGCAAATGGCTTCC,2265,2284,20,GGAAGCCAUUUGCAGUGCUG,CCTTCGGTAAACGTCACGAC,phosphorothioate-modified,,0.2,200,nm,in vitro,RNA level,not_specified
53,B040525017,XM_051583,TTGAGCATGGGGAATGTGGG,2302,2321,20,CCCACAUUCCCCAUGCUCAA,GGGTGTAAGGGGTACGAGTT,phosphorothioate-modified,,0.37,200,nm,in vitro,RNA level,not_specified
55,B040525019,XM_051583,TGTAGCCAACAGCTGGGGCT,2382,2401,20,AGCCCCAGCUGUUGGCUACA,TCGGGGTCGACAACCGATGT,phosphorothioate-modified,,0.04,200,nm,in vitro,RNA level,not_specified
56,B040525020,XM_051583,TCAGGGCTGGACTGCCTGCT,2425,2444,20,AGCAGGCAGUCCAGCCCUGA,TCGTCCGTCAGGTCGGGACT,phosphorothioate-modified,,0.48,200,nm,in vitro,RNA level,not_specified
57,B040525021,XM_051583,CTGATTTCCAAAATCCCATG,2455,2474,20,CAUGGGAUUUUGGAAAUCAG,GTACCCTAAAACCTTTAGTC,phosphorothioate-modified,,0.74,200,nm,in vitro,RNA level,not_specified
58,B040525022,XM_051583,TCCCGCCTGTGACATGCATT,2485,2504,20,AAUGCAUGUCACAGGCGGGA,TTACGTACAGTGTCCGCCCT,phosphorothioate-modified,,0.95,200,nm,in vitro,RNA level,not_specified
59,B040525023,XM_051583,TCTGGCGCTGCACCACTCTC,2514,2533,20,GAGAGUGGUGCAGCGCCAGA,CTCTCACCACGTCGCGGTCT,phosphorothioate-modified,,0.75,200,nm,in vitro,RNA level,not_specified
60,B040525024,XM_051583,GTCTGGCGCTGCACCACTCT,2515,2534,20,AGAGUGGUGCAGCGCCAGAC,TCTCACCACGTCGCGGTCTG,phosphorothioate-modified,,0.65,200,nm,in vitro,RNA level,not_specified
61,B040525025,XM_051583,CTGGGCTGTTTGGTGCCTTA,2545,2564,20,UAAGGCACCAAACAGCCCAG,ATTCCGTGGTTTGTCGGGTC,phosphorothioate-modified,,0.2,200,nm,in vitro,RNA level,not_specified
63,B040525027,XM_051583,CTGAGAGGGCTGAGATGCGG,2702,2721,20,CCGCAUCUCAGCCCUCUCAG,GGCGTAGAGTCGGGAGAGTC,phosphorothioate-modified,,0,200,nm,in vitro,RNA level,not_specified
64,B040525028,XM_051583,GCTCCTGGAAGACAAAATTC,2743,2762,20,GAAUUUUGUCUUCCAGGAGC,CTTAAAACAGAAGGTCCTCG,phosphorothioate-modified,,0.18,200,nm,in vitro,RNA level,not_specified
65,B040525029,XM_051583,TGTGACTAGAGAAACAAGGC,2825,2844,20,GCCUUGUUUCUCUAGUCACA,CGGAACAAAGAGATCAGTGT,phosphorothioate-modified,,0.32,200,nm,in vitro,RNA level,not_specified
66,B040525030,XM_051583,CAAGAAAACCTGTATTCCTG,2865,2884,20,CAGGAAUACAGGUUUUCUUG,GTCCTTATGTCCAAAAGAAC,phosphorothioate-modified,,0,200,nm,in vitro,RNA level,not_specified
67,B040525031,XM_051583,TTGTCAGGTGCAATAAAAAC,2905,2924,20,GUUUUUAUUGCACCUGACAA,CAAAAATAACGTGGACTGTT,phosphorothioate-modified,,0.12,200,nm,in vitro,RNA level,not_specified
68,B040525032,XM_051583,TTAAAATAACATAATTGAGG,2945,2964,20,CCUCAAUUAUGUUAUUUUAA,GGAGTTAATACAATAAAATT,phosphorothioate-modified,,0.07,200,nm,in vitro,RNA level,not_specified
69,B040525033,M14758,TGACAGTTGGTTTCTTTTCC,508,527,20,GGAAAAGAAACCAACUGUCA,CCTTTTCTTTGGTTGACAGT,phosphorothioate-modified,,0.15,1000,nm,in vitro,protein level,from a method by Trevorrow (1991)
70,B040525034,M14758,ACTGACAGTTGGTTTCTTTT,510,529,20,AAAAGAAACCAACUGUCAGU,TTTTCTTTGGTTGACAGTCA,phosphorothioate-modified,,0.16,1000,nm,in vitro,protein level,from a method by Trevorrow (1991)
71,B040525035,M14758,ACACTGACAGTTGGTTTCTT,512,531,20,AAGAAACCAACUGUCAGUGU,TTCTTTGGTTGACAGTCACA,phosphorothioate-modified,,0.35,1000,nm,in vitro,protein level,from a method by Trevorrow (1991)
72,B040525036,M14758,TTTATTGTTCAGTTTAAAAA,471,490,20,UUUUUAAACUGAACAAUAAA,AAAAATTTGACTTGTTATTT,phosphorothioate-modified,,0.08,1000,nm,in vitro,protein level,from a method by Trevorrow (1991)
73,B040525037,M14758,ACTTTTATTGTTCAGTTTAA,474,493,20,UUAAACUGAACAAUAAAAGU,AATTTGACTTGTTATTTTCA,phosphorothioate-modified,,0.03,1000,nm,in vitro,protein level,from a method by Trevorrow (1991)
74,B040525038,M14758,TCTTCTTTGCTCCTCCATTG,445,464,20,CAAUGGAGGAGCAAAGAAGA,GTTACCTCCTCGTTTCTTCT,phosphorothioate-modified,,0.33,1000,nm,in vitro,protein level,from a method by Trevorrow (1991)
75,B040525039,M14758,TCTTCTTCTTTGCTCCTCCA,448,467,20,UGGAGGAGCAAAGAAGAAGA,ACCTCCTCGTTTCTTCTTCT,phosphorothioate-modified,,0.31,1000,nm,in vitro,protein level,from a method by Trevorrow (1991)
76,B040525040,M14758,AGTTCTTCTTCTTTGCTCCT,451,470,20,AGGAGCAAAGAAGAAGAACU,TCCTCGTTTCTTCTTCTTGA,phosphorothioate-modified,,0.08,1000,nm,in vitro,protein level,from a method by Trevorrow (1991)
77,B040525041,M14758,TCCATTGCGGTCCCCTTCAA,432,451,20,UUGAAGGGGACCGCAAUGGA,AACTTCCCCTGGCGTTACCT,phosphorothioate-modified,,0.8,1000,nm,in vitro,protein level,from a method by Trevorrow (1991)
78,B040525042,M14758,TCCTCCATTGCGGTCCCCTT,435,454,20,AAGGGGACCGCAAUGGAGGA,TTCCCCTGGCGTTACCTCCT,phosphorothioate-modified,,1,1000,nm,in vitro,protein level,from a method by Trevorrow (1991)
79,B040525043,M14758,TGCTCCTCCATTGCGGTCCC,438,457,20,GGGACCGCAAUGGAGGAGCA,CCCTGGCGTTACCTCCTCGT,phosphorothioate-modified,,0.91,1000,nm,in vitro,protein level,from a method by Trevorrow (1991)
80,B040525044,M14758,GACCTCGCGCTCCTTGGAAC,402,421,20,GUUCCAAGGAGCGCGAGGUC,CAAGGTTCCTCGCGCTCCAG,phosphorothioate-modified,,0.84,1000,nm,in vitro,protein level,from a method by Trevorrow (1991)
81,B040525045,M14758,CCGACCTCGCGCTCCTTGGA,404,423,20,UCCAAGGAGCGCGAGGUCGG,AGGTTCCTCGCGCTCCAGCC,phosphorothioate-modified,,0.85,1000,nm,in vitro,protein level,from a method by Trevorrow (1991)
82,B040525046,M14758,ATCCCGACCTCGCGCTCCTT,407,426,20,AAGGAGCGCGAGGUCGGGAU,TTCCTCGCGCTCCAGCCCTA,phosphorothioate-modified,,1,1000,nm,in vitro,protein level,from a method by Trevorrow (1991)
83,B040525047,M14758,GCTCCTTGGAACGGCCACCA,394,413,20,UGGUGGCCGUUCCAAGGAGC,ACCACCGGCAAGGTTCCTCG,phosphorothioate-modified,,0.83,1000,nm,in vitro,protein level,from a method by Trevorrow (1991)
84,B040525048,M14758,GCGCTCCTTGGAACGGCCAC,396,415,20,GUGGCCGUUCCAAGGAGCGC,CACCGGCAAGGTTCCTCGCG,phosphorothioate-modified,,0.86,1000,nm,in vitro,protein level,from a method by Trevorrow (1991)
85,B040525049,M14758,TCCGACTTTAGTGGAAAGAC,348,367,20,GUCUUUCCACUAAAGUCGGA,CAGAAAGGTGATTTCAGCCT,phosphorothioate-modified,,0.1,1000,nm,in vitro,protein level,from a method by Trevorrow (1991)
86,B040525050,M14758,TACTCCGACTTTAGTGGAAA,351,370,20,UUUCCACUAAAGUCGGAGUA,AAAGGTGATTTCAGCCTCAT,phosphorothioate-modified,,0.16,1000,nm,in vitro,protein level,from a method by Trevorrow (1991)
87,B040525051,M14758,AGCTTGGAAGAGCCGCTACT,294,313,20,AGUAGCGGCUCUUCCAAGCU,TCATCGCCGAGAAGGTTCGA,phosphorothioate-modified,,0.46,1000,nm,in vitro,protein level,from a method by Trevorrow (1991)
88,B040525052,M14758,TGAGCTTGGAAGAGCCGCTA,296,315,20,UAGCGGCUCUUCCAAGCUCA,ATCGCCGAGAAGGTTCGAGT,phosphorothioate-modified,,0.46,1000,nm,in vitro,protein level,from a method by Trevorrow (1991)
89,B040525053,NM_004996,CGGGGCCGCAACGCCGCCTG,2,21,20,CAGGCGGCGUUGCGGCCCCG,GTCCGCCGCAACGCCGGGGC,phosphorothioate-modified,,0.09,500,nm,in vitro,protein level,ELISA
90,B040525054,NM_004996,GGTGATCGGGCCCGGTTGCT,141,160,20,AGCAACCGGGCCCGAUCACC,TCGTTGGCCCGGGCTAGTGG,phosphorothioate-modified,,0.32,500,nm,in vitro,protein level,ELISA
91,B040525055,NM_004996,CCGGTGGCGCGGGCGGCGGC,176,195,20,GCCGCCGCCCGCGCCACCGG,CGGCGGCGGGCGCGGTGGCC,phosphorothioate-modified,,0.31,500,nm,in vitro,protein level,ELISA
92,B040525056,NM_004996,AGCCCCGGAGCGCCATGCCG,193,212,20,CGGCAUGGCGCUCCGGGGCU,GCCGTACCGCGAGGCCCCGA,phosphorothioate-modified,,0.26,500,nm,in vitro,protein level,ELISA
93,B040525057,NM_004996,TCGGAGCCATCGGCGCTGCA,215,234,20,UGCAGCGCCGAUGGCUCCGA,ACGTCGCGGCTACCGAGGCT,phosphorothioate-modified,,0.2,500,nm,in vitro,protein level,ELISA
94,B040525058,NM_004996,GGCACCCACACGAGGACCGT,302,321,20,ACGGUCCUCGUGUGGGUGCC,TGCCAGGAGCACACCCACGG,phosphorothioate-modified,,0.21,500,nm,in vitro,protein level,ELISA
95,B040525059,NM_004996,TGCTGTTCGTGCCCCCGCCG,2107,2126,20,CGGCGGGGGCACGAACAGCA,GCCGCCCCCGTGCTTGTCGT,phosphorothioate-modified,,0.49,500,nm,in vitro,protein level,ELISA
96,B040525060,NM_004996,CGCGCTGCTTCTGGCCCCCA,2503,2522,20,UGGGGGCCAGAAGCAGCGCG,ACCCCCGGTCTTCGTCGCGC,phosphorothioate-modified,,0.44,500,nm,in vitro,protein level,ELISA
97,B040525061,NM_004996,GCGGCGATGGGCGTGGCCAG,3524,3543,20,CUGGCCACGCCCAUCGCCGC,GACCGGTGCGGGTAGCGGCG,phosphorothioate-modified,,0.27,500,nm,in vitro,protein level,ELISA
98,B040525062,NM_004996,CAGGAGGTCCGATGGGGCGC,4722,4741,20,GCGCCCCAUCGGACCUCCUG,CGCGGGGTAGCCTGGAGGAC,phosphorothioate-modified,,0.05,500,nm,in vitro,protein level,ELISA
99,B040525063,NM_004996,GCTCACACCAAGCCGGCGTC,4775,4794,20,GACGCCGGCUUGGUGUGAGC,CTGCGGCCGAACCACACTCG,phosphorothioate-modified,,0.22,500,nm,in vitro,protein level,ELISA
101,B040525065,NM_004996,CTCCTCCCTGGGCGCTGGCA,4835,4854,20,UGCCAGCGCCCAGGGAGGAG,ACGGTCGCGGGTCCCTCCTC,phosphorothioate-modified,,0.26,500,nm,in vitro,protein level,ELISA
102,B040525066,NM_004996,ACCGGATGGCGGTGGCTGCT,4938,4957,20,AGCAGCCACCGCCAUCCGGU,TCGTCGGTGGCGGTAGGCCA,phosphorothioate-modified,,0.27,500,nm,in vitro,protein level,ELISA
103,B040525067,NM_004996,CGCATCTCTGTCTCTCCTGG,4985,5004,20,CCAGGAGAGACAGAGAUGCG,GGTCCTCTCTGTCTCTACGC,phosphorothioate-modified,,0.23,500,nm,in vitro,protein level,ELISA
104,B040525068,M24283,GCGTCGACTGGGGCGCGTGAT,10,30,21,AUCACGCGCCCCAGUCGACGC,TAGTGCGCGGGGTCAGCTGCG,phosphorothioate-modified,,0.05,100,nm,in vitro,protein level,radioimmunoassay
106,B040525070,M24283,GGAGCTCAGCGTCGA,24,38,15,UCGACGCUGAGCUCC,AGCTGCGACTCGAGG,phosphorothioate-modified,,0.15,100,nm,in vitro,protein level,radioimmunoassay
107,B040525071,M24283,TCTGAGTAGCAGAGGAGCTCAG,30,51,22,CUGAGCUCCUCUGCUACUCAGA,GACTCGAGGAGACGATGAGTCT,phosphorothioate-modified,,0.67,100,nm,in vitro,protein level,radioimmunoassay
108,B040525072,M24283,TCTGAGTAGCAGAGGAGCTCA,31,51,21,UGAGCUCCUCUGCUACUCAGA,ACTCGAGGAGACGATGAGTCT,phosphorothioate-modified,,0.7,100,nm,in vitro,protein level,radioimmunoassay
109,B040525073,M24283,CTCTGAGTAGCAGAGGAGCTC,32,52,21,GAGCUCCUCUGCUACUCAGAG,CTCGAGGAGACGATGAGTCTC,phosphorothioate-modified,,0.83,100,nm,in vitro,protein level,radioimmunoassay
110,B040525074,M24283,GAGTAGCAGAGGAGC,34,48,15,GCUCCUCUGCUACUC,CGAGGAGACGATGAG,phosphorothioate-modified,,0.39,100,nm,in vitro,protein level,radioimmunoassay
111,B040525075,M24283,CTCTGAGTAGCAGAGG,37,52,16,CCUCUGCUACUCAGAG,GGAGACGATGAGTCTC,phosphorothioate-modified,,0.24,100,nm,in vitro,protein level,radioimmunoassay
112,B040525076,M24283,GGTTGCAACTCTGAG,46,60,15,CUCAGAGUUGCAACC,GAGTCTCAACGTTGG,phosphorothioate-modified,,0.64,100,nm,in vitro,protein level,radioimmunoassay
113,B040525077,M24283,CTGAGGTTGC,55,64,10,GCAACCUCAG,CGTTGGAGTC,phosphorothioate-modified,,0.05,100,nm,in vitro,protein level,radioimmunoassay
114,B040525078,M24283,GGCTGAGGTTG,56,66,11,CAACCUCAGCC,GTTGGAGTCGG,phosphorothioate-modified,,0.1,100,nm,in vitro,protein level,radioimmunoassay
115,B040525079,M24283,AGCGAGGCTGAG,60,71,12,CUCAGCCUCGCU,GAGTCGGAGCGA,phosphorothioate-modified,,0.21,100,nm,in vitro,protein level,radioimmunoassay
116,B040525080,M24283,AGCGAGGCTG,62,71,10,CAGCCUCGCU,GTCGGAGCGA,phosphorothioate-modified,,0.03,100,nm,in vitro,protein level,radioimmunoassay
117,B040525081,M24283,AGCCATAGCGAGGCTGAGGTT,57,77,21,AACCUCAGCCUCGCUAUGGCU,TTGGAGTCGGAGCGATACCGA,phosphorothioate-modified,,0.8,100,nm,in vitro,protein level,radioimmunoassay
118,B040525082,M24283,CATAGCGAGGCTGAGGTTGC,55,74,20,GCAACCUCAGCCUCGCUAUG,CGTTGGAGTCGGAGCGATAC,phosphorothioate-modified,,0.61,100,nm,in vitro,protein level,radioimmunoassay
119,B040525083,M24283,TGGGAGCCATAGCGAG,66,81,16,CUCGCUAUGGCUCCCA,GAGCGATACCGAGGGT,phosphorothioate-modified,,0.45,100,nm,in vitro,protein level,radioimmunoassay
121,B040525085,M24283,GGAGCCATAGCGAGGC,64,79,16,GCCUCGCUAUGGCUCC,CGGAGCGATACCGAGG,phosphorothioate-modified,,0.65,100,nm,in vitro,protein level,radioimmunoassay
122,B040525086,M24283,AGCCATAGCGAGGC,64,77,14,GCCUCGCUAUGGCU,CGGAGCGATACCGA,phosphorothioate-modified,,0.36,100,nm,in vitro,protein level,radioimmunoassay
123,B040525087,M24283,CCATAGCGAGGC,64,75,12,GCCUCGCUAUGG,CGGAGCGATACC,phosphorothioate-modified,,0,100,nm,in vitro,protein level,radioimmunoassay
124,B040525088,M24283,ATAGCGAGGC,64,73,10,GCCUCGCUAU,CGGAGCGATA,phosphorothioate-modified,,0,100,nm,in vitro,protein level,radioimmunoassay
125,B040525089,M24283,CGGGGGCTGCTGGGAGC,75,91,17,GCUCCCAGCAGCCCCCG,CGAGGGTCGTCGGGGGC,phosphorothioate-modified,,0.24,100,nm,in vitro,protein level,radioimmunoassay
126,B040525090,M24283,CCCCCACCACTTCCCCTCTCA,1951,1971,21,UGAGAGGGGAAGUGGUGGGGG,ACTCTCCCCTTCACCACCCCC,phosphorothioate-modified,,0.93,100,nm,in vitro,protein level,radioimmunoassay
127,B040525091,M24283,GGGCCACTTCTTCTGTAA,2053,2070,18,UUACAGAAGAAGUGGCCC,AATGTCTTCTTCACCGGG,phosphorothioate-modified,,0.67,100,nm,in vitro,protein level,radioimmunoassay
128,B040525092,M24283,CTATGGAGGGCCACTTC,2061,2077,17,GAAGUGGCCCUCCAUAG,CTTCACCGGGAGGTATC,phosphorothioate-modified,,0.61,100,nm,in vitro,protein level,radioimmunoassay
129,B040525093,M24283,GCTACACATGTCTATGGAGGG,2068,2088,21,CCCUCCAUAGACAUGUGUAGC,GGGAGGTATCTGTACACATCG,phosphorothioate-modified,,0.65,100,nm,in vitro,protein level,radioimmunoassay
131,B040525095,M24283,GATGCTACACATGTC,2077,2091,15,GACAUGUGUAGCAUC,CTGTACACATCGTAG,phosphorothioate-modified,,0.42,100,nm,in vitro,protein level,radioimmunoassay
132,B040525096,M24283,GGCAGAAATGTATGTGGGTGG,2509,2529,21,CCACCCACAUACAUUUCUGCC,GGTGGGTGTATGTAAAGACGG,phosphorothioate-modified,,0.32,100,nm,in vitro,protein level,radioimmunoassay
133,B040525097,M24283,ACACATACACACACACACACA,2746,2766,21,UGUGUGUGUGUGUGUAUGUGU,ACACACACACACACATACACA,phosphorothioate-modified,,0.46,100,nm,in vitro,protein level,radioimmunoassay
134,B040525098,M31585,GGGTTGAAGCCATTGCAGGG,52,71,20,CCCUGCAAUGGCUUCAACCC,GGGACGTTACCGAAGTTGGG,phosphorothioate-modified,,0.55,300,nm,in vitro,protein level,ELISA
135,B040525099,M31585,CTCATCCAGCAGGCTCAGGG,1667,1686,20,CCCUGAGCCUGCUGGAUGAG,GGGACTCGGACGACCTACTC,phosphorothioate-modified,,0.25,300,nm,in vitro,protein level,ELISA
136,B040525100,M31585,CCAGAGGAAGTGGCTGAGGG,1756,1775,20,CCCUCAGCCACUUCCUCUGG,GGGAGTCGGTGAAGGAGACC,phosphorothioate-modified,,0.65,300,nm,in vitro,protein level,ELISA
137,B040525101,M31585,TGCATCCCCCAGGCCACCAT,1791,1810,20,AUGGUGGCCUGGGGGAUGCA,TACCACCGGACCCCCTACGT,phosphorothioate-modified,,1,300,nm,in vitro,protein level,ELISA
138,B040525102,M31585,CAAGTGTGCATCCCCCAGGC,1797,1816,20,GCCUGGGGGAUGCACACUUG,CGGACCCCCTACGTGTGAAC,phosphorothioate-modified,,1,300,nm,in vitro,protein level,ELISA
139,B040525103,M31585,TTGGGACAATGTCTCAGCTT,2020,2039,20,AAGCUGAGACAUUGUCCCAA,TTCGACTCTGTAACAGGGTT,phosphorothioate-modified,,0.75,300,nm,in vitro,protein level,ELISA
140,B040525104,M31585,TGCCAGTCCACATAGTGTTT,2255,2274,20,AAACACUAUGUGGACUGGCA,TTTGTGATACACCTGACCGT,phosphorothioate-modified,,0.75,300,nm,in vitro,protein level,ELISA
141,B040525105,M31585,TGCTTACCCTCCCACAGCAG,2471,2490,20,CUGCUGUGGGAGGGUAAGCA,GACGACACCCTCCCATTCGT,phosphorothioate-modified,,0.9,300,nm,in vitro,protein level,ELISA
144,B040525108,M24283,GACACTCAATAAATAGCTGGT,2191,2211,21,ACCAGCUAUUUAUUGAGUGUC,TGGTCGATAAATAACTCACAG,Unmodified,,0.9,700,nm,in vitro,protein level,ELISA
145,B040525109,M24283,GAGGCTGAGGTGGGAGGA,2853,2870,18,UCCUCCCACCUCAGCCUC,AGGAGGGTGGAGTCGGAG,Unmodified,,0.5,700,nm,in vitro,protein level,ELISA
146,B040525110,M24283,CGATGGGCAGTGGGAAAG,1378,1395,18,CUUUCCCACUGCCCAUCG,GAAAGGGTGACGGGTAGC,Unmodified,,0.75,700,nm,in vitro,protein level,ELISA
147,B040525111,M24283,GGGCGCGTGATCCTTATAGC,1,20,20,GCUAUAAGGAUCACGCGCCC,CGATATTCCTAGTGCGCGGG,Unmodified,,0,700,nm,in vitro,protein level,ELISA
148,B040525112,M24283,TGCCCATCAGGGCAGTTTGA,351,370,20,UCAAACUGCCCUGAUGGGCA,AGTTTGACGGGACTACCCGT,Unmodified,,0.6,700,nm,in vitro,protein level,ELISA
149,B040525113,M24283,CCTGTCCCGGGATAGGTTCA,1668,1687,20,UGAACCUAUCCCGGGACAGG,ACTTGGATAGGGCCCTGTCC,Unmodified,,0.9,700,nm,in vitro,protein level,ELISA
150,B040525114,M24283,CCCCCACCACTTCCCCTCTC,1952,1971,20,GAGAGGGGAAGUGGUGGGGG,CTCTCCCCTTCACCACCCCC,Unmodified,,1,700,nm,in vitro,protein level,ELISA
151,B040525115,M24283,TTGAGAAAGCTTTATTAACT,2979,2998,20,AGUUAAUAAAGCUUUCUCAA,TCAATTATTTCGAAAGAGTT,Unmodified,,0.2,700,nm,in vitro,protein level,ELISA
152,B040527001,X52479,CCCCAACCACCTCTTGCTCC,1,20,20,GGAGCAAGAGGUGGUUGGGG,CCTCGTTCTCCACCAACCCC,phosphorothioate-modified,,0.61,1000,nm,in vitro,protein level,immunoblotting
153,B040527002,X52479,AAAACGTCAGCCATGGTCCC,22,41,20,GGGACCAUGGCUGACGUUUU,CCCTGGTACCGACTGCAAAA,phosphorothioate-modified,,0.61,1000,nm,in vitro,protein level,immunoblotting
154,B040527003,X52479,CCCGGGAAAACGTCAGCCAT,28,47,20,AUGGCUGACGUUUUCCCGGG,TACCGACTGCAAAAGGGCCC,phosphorothioate-modified,,0.48,1000,nm,in vitro,protein level,immunoblotting
155,B040527004,X52479,GTCAGCCATGGTCCCCCCCC,17,36,20,GGGGGGGGACCAUGGCUGAC,CCCCCCCCTGGTACCGACTG,phosphorothioate-modified,,0.54,1000,nm,in vitro,protein level,immunoblotting
156,B040527005,X52479,CGCCGTGGAGTCGTTGCCCG,44,63,20,CGGGCAACGACUCCACGGCG,GCCCGTTGCTGAGGTGCCGC,phosphorothioate-modified,,0.46,1000,nm,in vitro,protein level,immunoblotting
157,B040527006,X52479,CTGCCTCAGCGCCCCTTTGC,92,111,20,GCAAAGGGGCGCUGAGGCAG,CGTTTCCCCGCGACTCCGTC,phosphorothioate-modified,,0.53,1000,nm,in vitro,protein level,immunoblotting
158,B040527007,X52479,GCAGAGGCTGGGGACATTGA,461,480,20,UCAAUGUCCCCAGCCUCUGC,AGTTACAGGGGTCGGAGACG,phosphorothioate-modified,,0.19,1000,nm,in vitro,protein level,immunoblotting
159,B040527008,X52479,ATGGGGTGCACAAACTGGGG,2008,2027,20,CCCCAGUUUGUGCACCCCAU,GGGGTCAAACACGTGGGGTA,phosphorothioate-modified,,0.06,1000,nm,in vitro,protein level,immunoblotting
160,B040527009,X52479,TCAAATGGAGGCTGCCCGGC,1624,1643,20,GCCGGGCAGCCUCCAUUUGA,CGGCCCGTCGGAGGTAAACT,phosphorothioate-modified,,0.34,1000,nm,in vitro,protein level,immunoblotting
161,B040527010,X52479,GTTCTCGCTGGTGAGTTTCA,2044,2063,20,UGAAACUCACCAGCGAGAAC,ACTTTGAGTGGTCGCTCTTG,phosphorothioate-modified,,0.48,1000,nm,in vitro,protein level,immunoblotting
162,B040527011,X52479,GGATTCACTTCCACTGCGGG,2090,2109,20,CCCGCAGUGGAAGUGAAUCC,GGGCGTCACCTTCACTTAGG,phosphorothioate-modified,,0.18,1000,nm,in vitro,protein level,immunoblotting
163,B040527012,X52479,GAGACCCTGAACAGTTGATC,2192,2211,20,GAUCAACUGUUCAGGGUCUC,CTAGTTGACAAGTCCCAGAG,phosphorothioate-modified,,0.39,1000,nm,in vitro,protein level,immunoblotting
165,B040527014,X52479,CACTGCGGGGAGGGCTGGGG,2079,2098,20,CCCCAGCCCUCCCCGCAGUG,GGGGTCGGGAGGGGCGTCAC,phosphorothioate-modified,,0,1000,nm,in vitro,protein level,immunoblotting
166,B040527015,X52479,AGCCGTGGCCTTAAAATTTT,2118,2137,20,AAAAUUUUAAGGCCACGGCU,TTTTAAAATTCCGGTGCCGA,phosphorothioate-modified,,0.16,1000,nm,in vitro,protein level,immunoblotting
167,B040527016,X52479,ATTTTCAGGCCTCCATATGG,2149,2168,20,CCAUAUGGAGGCCUGAAAAU,GGTATACCTCCGGACTTTTA,phosphorothioate-modified,,0.18,1000,nm,in vitro,protein level,immunoblotting
168,B040527017,X52479,AAGAGAGAGACCCTGAACAG,2198,2217,20,CUGUUCAGGGUCUCUCUCUU,GACAAGTCCCAGAGAGAGAA,phosphorothioate-modified,,0.38,1000,nm,in vitro,protein level,immunoblotting
169,B040527018,X52479,GATAATGTTCTTGGTTGTAA,2216,2235,20,UUACAACCAAGAACAUUAUC,AATGTTGGTTCTTGTAATAG,phosphorothioate-modified,,0.15,1000,nm,in vitro,protein level,immunoblotting
170,B040527019,X52479,TGGAATCAGACACAAGCCGT,2132,2151,20,ACGGCUUGUGUCUGAUUCCA,TGCCGAACACAGACTAAGGT,phosphorothioate-modified,,0.11,1000,nm,in vitro,protein level,immunoblotting
171,B040527020,NM_001078,GCCTGGGAGGGTATTCAGCT,35,54,20,AGCUGAAUACCCUCCCAGGC,TCGACTTATGGGAGGGTCCG,phosphorothioate-modified,,0.42,50,nm,in vitro,protein level,ELISA
172,B040527021,NM_001078,CCTGTGTGTGCCTGGGAGGG,44,63,20,CCCUCCCAGGCACACACAGG,GGGAGGGTCCGTGTGTGTCC,phosphorothioate-modified,,0.12,50,nm,in vitro,protein level,ELISA
173,B040527022,NM_001078,GGCATTTTAAGTTGCTGTCG,106,125,20,CGACAGCAACUUAAAAUGCC,GCTGTCGTTGAATTTTACGG,phosphorothioate-modified,,0.66,50,nm,in vitro,protein level,ELISA
174,B040527023,NM_001078,CAGCCTGCCTTACTGTGGGC,741,760,20,GCCCACAGUAAGGCAGGCUG,CGGGTGTCATTCCGTCCGAC,phosphorothioate-modified,,0.33,50,nm,in vitro,protein level,ELISA
175,B040527024,NM_001078,CTTGAACAATTAATTCCACCT,1028,1048,21,AGGUGGAAUUAAUUGUUCAAG,TCCACCTTAATTAACAAGTTC,phosphorothioate-modified,,0.63,50,nm,in vitro,protein level,ELISA
176,B040527025,NM_001078,CTGTGTCTCCTGTCTCCGCT,2034,2053,20,AGCGGAGACAGGAGACACAG,TCGCCTCTGTCCTCTGTGTC,phosphorothioate-modified,,0.73,50,nm,in vitro,protein level,ELISA
177,B040527026,NM_001078,GTCTTTGTTGTTTTCTCTTCC,2179,2199,21,GGAAGAGAAAACAACAAAGAC,CCTTCTCTTTTGTTGTTTCTG,phosphorothioate-modified,,0.58,50,nm,in vitro,protein level,ELISA
178,B040527027,NM_001078,TGAACATATCAAGCATTAGC,2340,2359,20,GCUAAUGCUUGAUAUGUUCA,CGATTACGAACTATACAAGT,phosphorothioate-modified,,0.47,50,nm,in vitro,protein level,ELISA
179,B040527028,NM_001078,GCAATCTTGCTATGGCATAA,2616,2635,20,UUAUGCCAUAGCAAGAUUGC,AATACGGTATCGTTCTAACG,phosphorothioate-modified,,0.52,50,nm,in vitro,protein level,ELISA
180,B040527029,NM_001078,CCCGGCATCTTTACAAAACC,2822,2841,20,GGUUUUGUAAAGAUGCCGGG,CCAAAACATTTCTACGGCCC,phosphorothioate-modified,,0.5,50,nm,in vitro,protein level,ELISA
181,B040527030,NM_001078,AACCCAGTGCTCCCTTTGCT,2868,2887,20,AGCAAAGGGAGCACUGGGUU,TCGTTTCCCTCGTGACCCAA,phosphorothioate-modified,,0.79,50,nm,in vitro,protein level,ELISA
182,B040527031,NM_001078,AACATCTCCGTACCATGCCA,2953,2972,20,UGGCAUGGUACGGAGAUGUU,ACCGTACCATGCCTCTACAA,phosphorothioate-modified,,0.75,50,nm,in vitro,protein level,ELISA
183,B040527032,NM_001078,GGCCACATTGGGAAAGTTGC,3001,3020,20,GCAACUUUCCCAAUGUGGCC,CGTTGAAAGGGTTACACCGG,phosphorothioate-modified,,0.71,50,nm,in vitro,protein level,ELISA
184,B040527033,NM_001078,GCCAGTGAGGCCCG,15,28,14,CGGGCCUCACUGGC,GCCCGGAGTGACCG,phosphorothioate-modified,,0.65,100,nm,in vitro,protein level,radioimmunoassay
185,B040527034,NM_001078,CCTGAAGCCAGTGAGG,19,34,16,CCUCACUGGCUUCAGG,GGAGTGACCGAAGTCC,phosphorothioate-modified,,0.39,100,nm,in vitro,protein level,radioimmunoassay
186,B040527035,NM_001078,GGTATTCAGCTCCTGAAG,28,45,18,CUUCAGGAGCUGAAUACC,GAAGTCCTCGACTTATGG,phosphorothioate-modified,,0.31,100,nm,in vitro,protein level,radioimmunoassay
188,B040527037,NM_001078,CCTGGGAGGGTATTC,39,53,15,GAAUACCCUCCCAGG,CTTATGGGAGGGTCC,phosphorothioate-modified,,0.61,100,nm,in vitro,protein level,radioimmunoassay
189,B040527038,NM_001078,ACCTGTGTGTGCCTGGGAGGG,44,64,21,CCCUCCCAGGCACACACAGGU,GGGAGGGTCCGTGTGTGTCCA,phosphorothioate-modified,,0.75,100,nm,in vitro,protein level,radioimmunoassay
190,B040527039,NM_001078,TTTGTGTCCCACCTG,60,74,15,CAGGUGGGACACAAA,GTCCACCCTGTGTTT,phosphorothioate-modified,,0.9,100,nm,in vitro,protein level,radioimmunoassay
191,B040527040,NM_001078,CCCTTATTTGTGTCCC,65,80,16,GGGACACAAAUAAGGG,CCCTGTGTTTATTCCC,phosphorothioate-modified,,0.63,100,nm,in vitro,protein level,radioimmunoassay
192,B040527041,NM_001078,AACCCTTATTTGTGTCCCACC,62,82,21,GGUGGGACACAAAUAAGGGUU,CCACCCTGTGTTTATTCCCAA,phosphorothioate-modified,,0.91,100,nm,in vitro,protein level,radioimmunoassay
193,B040527042,NM_001078,GGTTCCAAAACCCTT,76,90,15,AAGGGUUUUGGAACC,TTCCCAAAACCTTGG,phosphorothioate-modified,,0.58,100,nm,in vitro,protein level,radioimmunoassay
194,B040527043,NM_001078,CGTGATGAGAAAATAGTGGTT,87,107,21,AACCACUAUUUUCUCAUCACG,TTGGTGATAAAAGAGTAGTGC,phosphorothioate-modified,,0.51,100,nm,in vitro,protein level,radioimmunoassay
195,B040527044,NM_001078,CCCAGGCATTTTAAGTTGCTG,109,129,21,CAGCAACUUAAAAUGCCUGGG,GTCGTTGAATTTTACGGACCC,phosphorothioate-modified,,0.67,100,nm,in vitro,protein level,radioimmunoassay
196,B040527045,NM_001078,CCCAGGCATTTTAAG,115,129,15,CUUAAAAUGCCUGGG,GAATTTTACGGACCC,phosphorothioate-modified,,0.22,100,nm,in vitro,protein level,radioimmunoassay
197,B040527046,NM_001078,CGACCATCTTCCCAGGCATTT,119,139,21,AAAUGCCUGGGAAGAUGGUCG,TTTACGGACCCTTCTACCAGC,phosphorothioate-modified,,0.8,100,nm,in vitro,protein level,radioimmunoassay
198,B040527047,NM_001078,CATCTTCCCAGGCAT,121,135,15,AUGCCUGGGAAGAUG,TACGGACCCTTCTAC,phosphorothioate-modified,,0.55,100,nm,in vitro,protein level,radioimmunoassay
199,B040527048,NM_001078,ACGACCATCTTCCC,127,140,14,GGGAAGAUGGUCGU,CCCTTCTACCAGCA,phosphorothioate-modified,,0.49,100,nm,in vitro,protein level,radioimmunoassay
200,B040527049,NM_001078,CATCTCGATTTCTGG,1339,1353,15,CCAGAAAUCGAGAUG,GGTCTTTAGCTCTAC,phosphorothioate-modified,,0.53,100,nm,in vitro,protein level,radioimmunoassay
201,B040527050,NM_001078,CCACCACTCATCTCG,115,129,15,CGAGAUGAGUGGUGG,GCTCTACTCACCACC,phosphorothioate-modified,,0.74,100,nm,in vitro,protein level,radioimmunoassay
202,B040527051,NM_001078,CACGAGGCCACCACTCATCTC,1348,1368,21,GAGAUGAGUGGUGGCCUCGUG,CTCTACTCACCACCGGAGCAC,phosphorothioate-modified,,0.95,100,nm,in vitro,protein level,radioimmunoassay
203,B040527052,NM_001078,CGAGGCCACCACTC,1353,1366,14,GAGUGGUGGCCUCG,CTCACCACCGGAGC,phosphorothioate-modified,,0.84,100,nm,in vitro,protein level,radioimmunoassay
204,B040527053,NM_001078,CCCATTCACGAGGCCACC,1357,1374,18,GGUGGCCUCGUGAAUGGG,CCACCGGAGCACTTACCC,phosphorothioate-modified,,0.89,100,nm,in vitro,protein level,radioimmunoassay
206,B040527055,NM_001078,CTCTCATCTTGATGGC,2538,2553,16,GCCAUCAAGAUGAGAG,CGGTAGTTCTACTCTC,phosphorothioate-modified,,0.45,100,nm,in vitro,protein level,radioimmunoassay
208,B040527057,NM_001078,CCTCCAGTTCTCTC,2549,2562,14,GAGAGAACUGGAGG,CTCTCTTGACCTCC,phosphorothioate-modified,,0.68,100,nm,in vitro,protein level,radioimmunoassay
209,B040527058,NM_001078,CAGATCAAGGAACTCCTC,2559,2576,18,GAGGAGUUCCUUGAUCUG,CTCCTCAAGGAACTAGAC,phosphorothioate-modified,,0.45,100,nm,in vitro,protein level,radioimmunoassay
210,B040527059,NM_001078,TTTAAGCAATCTTGCTATGGC,2620,2640,21,GCCAUAGCAAGAUUGCUUAAA,CGGTATCGTTCTAACGAATTT,phosphorothioate-modified,,0.19,100,nm,in vitro,protein level,radioimmunoassay
211,B040527060,L00981,CCGTGCTCATGGTGTCCTTTC,152,172,21,GAAAGGACACCAUGAGCACGG,CTTTCCTGTGGTACTCGTGCC,phosphorothioate-modified,,0.49,1000,nm,in vitro,protein level,ELISA
212,B040527061,L00981,GATCATGCTTTCCGTGCTCAT,163,183,21,AUGAGCACGGAAAGCAUGAUC,TACTCGTGCCTTTCGTACTAG,phosphorothioate-modified,,0.06,1000,nm,in vitro,protein level,ELISA
213,B040527062,L00981,TAGACGATAAAGGGGTCAGAG,1842,1862,21,CUCUGACCCCUUUAUCGUCUA,GAGACTGGGGAAATAGCAGAT,phosphorothioate-modified,,0,1000,nm,in vitro,protein level,ELISA
214,B040527063,L00981,AGTGAGTTCCGAAAGCCCATT,2033,2053,21,AAUGGGCUUUCGGAACUCACU,TTACCCGAAAGCCTTGAGTGA,phosphorothioate-modified,,0.06,1000,nm,in vitro,protein level,ELISA
216,B040527065,L00981,AGGGAAGGAAGGAAGGAAGGG,2154,2174,21,CCCUUCCUUCCUUCCUUCCCU,GGGAAGGAAGGAAGGAAGGGA,phosphorothioate-modified,,0,1000,nm,in vitro,protein level,ELISA
217,B040527066,L00981,CAGTCTGGGAAGCTCTGAGGG,2175,2195,21,CCCUCAGAGCUUCCCAGACUG,GGGAGTCTCGAAGGGTCTGAC,phosphorothioate-modified,,0,1000,nm,in vitro,protein level,ELISA
218,B040527067,L00981,GGTTCCGTAAGGAAGGCTGG,2214,2233,20,CCAGCCUUCCUUACGGAACC,GGTCGGAAGGAATGCCTTGG,phosphorothioate-modified,,0.06,1000,nm,in vitro,protein level,ELISA
219,B040527068,L00981,AATAATAAATAATAAATAAAT,2262,2282,21,AUUUAUUUAUUAUUUAUUAUU,TAAATAAATAATAAATAATAA,phosphorothioate-modified,,0,1000,nm,in vitro,protein level,ELISA
221,B040527070,L00981,GGGATAGCTGGTAGTTTAG,2388,2406,19,CUAAACUACCAGCUAUCCC,GATTTGATGGTCGATAGGG,phosphorothioate-modified,,0,1000,nm,in vitro,protein level,ELISA
222,B040527071,L00981,CTGGTCCCTTGGTGTCCTCGC,12,32,21,GCGAGGACACCAAGGGACCAG,CGCTCCTGTGGTTCCCTGGTC,phosphorothioate-modified,,0.31,1000,nm,in vitro,protein level,ELISA
223,B040527072,L00981,TTGCTGTTCTCCCTCCTGGCT,31,51,21,AGCCAGGAGGGAGAACAGCAA,TCGGTCCTCCCTCTTGTCGTT,phosphorothioate-modified,,0.85,1000,nm,in vitro,protein level,ELISA
224,B040527073,L00981,GCAGCCTTGTCCCTTGAAGAG,1496,1516,21,CUCUUCAAGGGACAAGGCUGC,GAGAAGTTCCCTGTTCCGACG,phosphorothioate-modified,,0.27,1000,nm,in vitro,protein level,ELISA
225,B040527074,L00981,CTTGAGCTCAGCTCCCTCAGG,1622,1642,21,CCUGAGGGAGCUGAGCUCAAG,GGACTCCCTCGACTCGAGTTC,phosphorothioate-modified,,0.55,1000,nm,in vitro,protein level,ELISA
226,B040527075,L00981,GCTGGAAGACTCCTCCCAGGT,1662,1682,21,ACCUGGGAGGAGUCUUCCAGC,TGGACCCTCCTCAGAAGGTCG,phosphorothioate-modified,,0.65,1000,nm,in vitro,protein level,ELISA
227,B040527076,L00981,GCTGAGCAGGTCCCCCTTCTC,1685,1705,21,GAGAAGGGGGACCUGCUCAGC,CTCTTCCCCCTGGACGAGTCG,phosphorothioate-modified,,0.2,1000,nm,in vitro,protein level,ELISA
229,B040527078,L00981,TGATCCACTCCCCCCTCCACT,2090,2110,21,AGUGGAGGGGGGAGUGGAUCA,TCACCTCCCCCCTCACCTAGT,phosphorothioate-modified,,0.9,1000,nm,in vitro,protein level,ELISA
230,B040527079,L00981,GCCTGAAGACAGCTTCCCAAC,2342,2362,21,GUUGGGAAGCUGUCUUCAGGC,CAACCCTTCGACAGAAGTCCG,phosphorothioate-modified,,0.76,1000,nm,in vitro,protein level,ELISA
231,B040527080,L00981,CAGTCACGGCTCCCGTGGG,2546,2564,19,CCCACGGGAGCCGUGACUG,GGGTGCCCTCGGCACTGAC,phosphorothioate-modified,,0.09,1000,nm,in vitro,protein level,ELISA
233,B040527082,L00981,ACTCCCCCGATCCACTCAGGC,2072,2092,21,GCCUGAGUGGAUCGGGGGAGU,CGGACTCACCTAGCCCCCTCA,phosphorothioate-modified,,0.9,1000,nm,in vitro,protein level,ELISA
235,B040527084,L00981,CCCTCCACTCCCCCGATCCAC,2078,2098,21,GUGGAUCGGGGGAGUGGAGGG,CACCTAGCCCCCTCACCTCCC,phosphorothioate-modified,,0.89,1000,nm,in vitro,protein level,ELISA
236,B040527085,L00981,CCCCCCTCCACTCCCCCGATC,2081,2101,21,GAUCGGGGGAGUGGAGGGGGG,CTAGCCCCCTCACCTCCCCCC,phosphorothioate-modified,,0.92,1000,nm,in vitro,protein level,ELISA
237,B040527086,L00981,ACTCCCCCCTCCACTCCCCCG,2084,2104,21,CGGGGGAGUGGAGGGGGGAGU,GCCCCCTCACCTCCCCCCTCA,phosphorothioate-modified,,0.91,1000,nm,in vitro,protein level,ELISA
238,B040527087,L00981,TCCACTCCCCCCTCCACTCCC,2087,2107,21,GGGAGUGGAGGGGGGAGUGGA,CCCTCACCTCCCCCCTCACCT,phosphorothioate-modified,,0.92,1000,nm,in vitro,protein level,ELISA
239,B040527088,L00981,GCCTGATCCACTCCCCCCTCC,2093,2113,21,GGAGGGGGGAGUGGAUCAGGC,CCTCCCCCCTCACCTAGTCCG,phosphorothioate-modified,,0.88,1000,nm,in vitro,protein level,ELISA
240,B040527089,L00981,TCCACTCCCCCGATCCACTCA,2075,2095,21,UGAGUGGAUCGGGGGAGUGGA,ACTCACCTAGCCCCCTCACCT,phosphorothioate-modified,,0.9,1000,nm,in vitro,protein level,ELISA
242,B040527093,XM_057446,CTGCTGCCTCTGTCTCAGGT,24,43,20,ACCUGAGACAGAGGCAGCAG,TGGACTCTGTCTCCGTCGTC,phosphorothioate-modified,,0.93,50,nm,in vitro,protein level,ELISA
243,B040527094,XM_057446,ACAGGATCTCTCAGGTGGGT,48,67,20,ACCCACCUGAGAGAUCCUGU,TGGGTGGACTCTCTAGGACA,phosphorothioate-modified,,0.8,50,nm,in vitro,protein level,ELISA
244,B040527095,XM_057446,AATCATGACTTCAAGAGTTCT,126,146,21,AGAACUCUUGAAGUCAUGAUU,TCTTGAGAACTTCAGTACTAA,phosphorothioate-modified,,0.47,50,nm,in vitro,protein level,ELISA
245,B040527096,XM_057446,TGAAGCAATCATGACTTCAAG,132,152,21,CUUGAAGUCAUGAUUGCUUCA,GAACTTCAGTACTAACGAAGT,phosphorothioate-modified,,0.49,50,nm,in vitro,protein level,ELISA
246,B040527097,XM_057446,CCAAAGTGAGAGCTGAGAGA,158,177,20,UCUCUCAGCUCUCACUUUGG,AGAGAGTCGAGAGTGAAACC,phosphorothioate-modified,,0.64,50,nm,in vitro,protein level,ELISA
247,B040527098,XM_057446,CTGATTCAAGGCTTTGGCAG,1919,1938,20,CUGCCAAAGCCUUGAAUCAG,GACGGTTTCGGAACTTAGTC,phosphorothioate-modified,,0.45,50,nm,in vitro,protein level,ELISA
248,B040527099,XM_057446,TTCCCCAGATGCACCTGTTT,1989,2008,20,AAACAGGUGCAUCUGGGGAA,TTTGTCCACGTAGACCCCTT,phosphorothioate-modified,,0.98,50,nm,in vitro,protein level,ELISA
249,B040527100,XM_057446,GGGCCAGAGACCCGAGGAGA,2046,2065,20,UCUCCUCGGGUCUCUGGCCC,AGAGGAGCCCAGAGACCGGG,phosphorothioate-modified,,0.54,50,nm,in vitro,protein level,ELISA
250,B040527101,XM_057446,CACAATCCTTAAGAACTCTTT,2600,2620,21,AAAGAGUUCUUAAGGAUUGUG,TTTCTCAAGAATTCCTAACAC,phosphorothioate-modified,,0.69,50,nm,in vitro,protein level,ELISA
251,B040527102,XM_057446,GTATGGAAGATTATAATATAT,2640,2660,21,AUAUAUUAUAAUCUUCCAUAC,TATATAATATTAGAAGGTATG,phosphorothioate-modified,,0.41,50,nm,in vitro,protein level,ELISA
252,B040527103,XM_057446,GACAATATACAAACCTTCCAT,2917,2937,21,AUGGAAGGUUUGUAUAUUGUC,TACCTTCCAAACATATAACAG,phosphorothioate-modified,,0.35,50,nm,in vitro,protein level,ELISA
253,B040527104,XM_057446,ACGTTTGGCCTCATGGAAGT,2977,2996,20,ACUUCCAUGAGGCCAAACGU,TGAAGGTACTCCGGTTTGCA,phosphorothioate-modified,,0.65,50,nm,in vitro,protein level,ELISA
254,B040527108,XM_057446,GGAATGCAAAGCACATCCAT,3700,3719,20,GUGUGAAAUACCAGUGUGGU,TACCTACACGAAACGTAAGG,phosphorothioate-modified,,0.29,50,nm,in vitro,protein level,ELISA
255,B040609001,M14758,TTTCTTTTCCTTCTTATCTT,498,517,20,AAGAUAAGAAGGAAAAGAAA,TTCTATTCTTCCTTTTCTTT,phosphorothioate-modified,,0.04,1000,nm,in vitro,protein level,from a method by Trevorrow (1991)
256,B040609002,M14758,TATCTTTTTCACTTTTATTG,484,503,20,CAAUAAAAGUGAAAAAGAUA,GTTATTTTCACTTTTTCTAT,phosphorothioate-modified,,0,1000,nm,in vitro,protein level,from a method by Trevorrow (1991)
258,B040527112,M30640,CCCAAAGGTTTAGGCTTG,103,120,18,CAAGCCUAAACCUUUGGG,GTTCGGATTTGGAAACCC,phosphorothioate-modified,,0.39,100,nm,in vitro,protein level,radioimmunoassay
259,B040527113,M30640,TCACCCAAAGGTTTAGGCTTG,103,123,21,CAAGCCUAAACCUUUGGGUGA,GTTCGGATTTGGAAACCCACT,phosphorothioate-modified,,0.9,100,nm,in vitro,protein level,radioimmunoassay
260,B040527114,M30640,GAGTTCTTTTCACCC,118,132,15,GGGUGAAAAGAACUC,CCCACTTTTCTTGAG,phosphorothioate-modified,,0.37,100,nm,in vitro,protein level,radioimmunoassay
261,B040527115,M30640,GACTTCAAGAGTTCT,126,140,15,AGAACUCUUGAAGUC,TCTTGAGAACTTCAG,phosphorothioate-modified,,0.18,100,nm,in vitro,protein level,radioimmunoassay
262,B040527116,M30640,AATCATGACTTCAAGAGTTCT,126,146,21,AGAACUCUUGAAGUCAUGAUU,TCTTGAGAACTTCAGTACTAA,phosphorothioate-modified,,0.22,100,nm,in vitro,protein level,radioimmunoassay
263,B040527117,M30640,CAATCATGACTTCAAGAGTTC,127,147,21,GAACUCUUGAAGUCAUGAUUG,CTTGAGAACTTCAGTACTAAC,phosphorothioate-modified,,0.23,100,nm,in vitro,protein level,radioimmunoassay
264,B040527118,M30640,GCAATCATGACTTCAAGAGTT,128,148,21,AACUCUUGAAGUCAUGAUUGC,TTGAGAACTTCAGTACTAACG,phosphorothioate-modified,,0.68,100,nm,in vitro,protein level,radioimmunoassay
265,B040527119,M30640,TGAAGCAATCATGACTTCAAG,132,152,21,CUUGAAGUCAUGAUUGCUUCA,GAACTTCAGTACTAACGAAGT,phosphorothioate-modified,,0,100,nm,in vitro,protein level,radioimmunoassay
266,B040527120,M30640,CTGTGAAGCAATCATGAC,138,155,18,GUCAUGAUUGCUUCACAG,CAGTACTAACGAAGTGTC,phosphorothioate-modified,,0.04,100,nm,in vitro,protein level,radioimmunoassay
267,B040527121,NM_000877,CTTTCATATTCTTCTTGGAG,70,89,20,CUCCAAGAAGAAUAUGAAAG,GAGGTTCTTCTTATACTTTC,phosphorothioate-modified,,0.1,400,nm,in vitro,RNA level,asymmetric PCR
268,B040527123,NM_000877,CTTGGAGAAGGCCTTGTCTT,57,76,20,AAGACAAGGCCUUCUCCAAG,TTCTGTTCCGGAAGAGGTTC,phosphorothioate-modified,,0.1,400,nm,in vitro,RNA level,asymmetric PCR
269,B040527124,NM_000877,AGTAACACTTTCATATTCTT,77,96,20,AAGAAUAUGAAAGUGUUACU,TTCTTATACTTTCACAATGA,phosphorothioate-modified,,0.1,400,nm,in vitro,RNA level,asymmetric PCR
270,B040527125,NM_000877,GAAACAAATAAGTCTGAGTA,93,112,20,UACUCAGACUUAUUUGUUUC,ATGAGTCTGAATAAACAAAG,phosphorothioate-modified,,0.1,400,nm,in vitro,RNA level,asymmetric PCR
271,B040527126,NM_000877,AGTCCTCCGTCTCCTGCAAC,482,501,20,GUUGCAGGAGACGGAGGACU,CAACGTCCTCTGCCTCCTGA,phosphorothioate-modified,,0.1,400,nm,in vitro,RNA level,asymmetric PCR
272,B040527127,NM_000877,TACCCGAGAGGCACGTGAGC,1772,1791,20,GCUCACGUGCCUCUCGGGUA,CGAGTGCACGGAGAGCCCAT,phosphorothioate-modified,,0.1,400,nm,in vitro,RNA level,asymmetric PCR
273,B040527128,NM_000877,TCTGGCATTTTCTCATAGTC,1565,1584,20,GACUAUGAGAAAAUGCCAGA,CTGATACTCTTTTACGGTCT,phosphorothioate-modified,,0.1,400,nm,in vitro,RNA level,asymmetric PCR
275,B040527130,NM_000877,AACTTCTCCATGCTACCCGA,1785,1804,20,UCGGGUAGCAUGGAGAAGUU,AGCCCATCGTACCTCTTCAA,phosphorothioate-modified,,0.1,400,nm,in vitro,RNA level,asymmetric PCR
276,B040527131,NM_000877,GCAACGCCATAAGACAGGAG,1825,1844,20,CUCCUGUCUUAUGGCGUUGC,GAGGACAGAATACCGCAACG,phosphorothioate-modified,,0.1,400,nm,in vitro,RNA level,asymmetric PCR
277,B040527132,NM_000877,CATAACCTGGCCTGCAACGC,1838,1857,20,GCGUUGCAGGCCAGGUUAUG,CGCAACGTCCGGTCCAATAC,phosphorothioate-modified,,0.1,400,nm,in vitro,RNA level,asymmetric PCR
278,B040527133,NM_000877,CATTCCATGAACTCTGCAAG,1869,1888,20,CUUGCAGAGUUCAUGGAAUG,GAACGTCTCAAGTACCTTAC,phosphorothioate-modified,,0.1,400,nm,in vitro,RNA level,asymmetric PCR
279,B040527134,NM_000877,CACTGCAACCTCCGTCTCCC,2224,2243,20,GGGAGACGGAGGUUGCAGUG,CCCTCTGCCTCCAACGTCAC,phosphorothioate-modified,,0.46,400,nm,in vitro,RNA level,asymmetric PCR
280,B040527135,NM_000877,CCCTTGGGCTGTGGATGACT,2417,2436,20,AGUCAUCCACAGCCCAAGGG,TCAGTAGGTGTCGGGTTCCC,phosphorothioate-modified,,0.7,400,nm,in vitro,RNA level,asymmetric PCR
281,B040527136,NM_000877,GCGGGATGACAGAAGAGCGG,2906,2925,20,CCGCUCUUCUGUCAUCCCGC,GGCGAGAAGACAGTAGGGCG,phosphorothioate-modified,,0.1,400,nm,in vitro,RNA level,asymmetric PCR
282,B040527137,NM_000877,GCCACCACAGCCTCTCCCTC,3344,3363,20,GAGGGAGAGGCUGUGGUGGC,CTCCCTCTCCGACACCACCG,phosphorothioate-modified,,0.58,400,nm,in vitro,RNA level,asymmetric PCR
283,B040527138,NM_000877,CGTGCCAGTGTGGAGTGAGG,3618,3637,20,CCUCACUCCACACUGGCACG,GGAGTGAGGTGTGACCGTGC,phosphorothioate-modified,,0.77,400,nm,in vitro,RNA level,asymmetric PCR
284,B040527139,NM_000877,TGTGTCCTGCAATCGGTGGC,3851,3870,20,GCCACCGAUUGCAGGACACA,CGGTGGCTAACGTCCTGTGT,phosphorothioate-modified,,0.9,400,nm,in vitro,RNA level,asymmetric PCR
285,B040527140,NM_000877,GCAAAGCGGGCCCAGGAGAA,4032,4051,20,UUCUCCUGGGCCCGCUUUGC,AAGAGGACCCGGGCGAAACG,phosphorothioate-modified,,0.7,400,nm,in vitro,RNA level,asymmetric PCR
286,B040527141,NM_000877,CCTCCACCCACGCTTATCCA,4372,4391,20,UGGAUAAGCGUGGGUGGAGG,ACCTATTCGCACCCACCTCC,phosphorothioate-modified,,0.71,400,nm,in vitro,RNA level,asymmetric PCR
287,B040527142,NM_000877,AGTCAAAGGAAGTTCACGGG,4473,4492,20,CCCGUGAACUUCCUUUGACU,GGGCACTTGAAGGAAACTGA,phosphorothioate-modified,,0.1,400,nm,in vitro,RNA level,asymmetric PCR
288,B040527143,NM_000877,TGATCCGTGATGCATGCTGT,4840,4859,20,ACAGCAUGCAUCACGGAUCA,TGTCGTACGTAGTGCCTAGT,phosphorothioate-modified,,0.1,400,nm,in vitro,RNA level,asymmetric PCR
289,B040612001,BC036531,TGTTGCCCTCGGCGCGGAT,4308,4326,19,AUCCGCGCCGAGGGCAACA,TAGGCGCGGCTCCCGTTGT,phosphorothioate-modified,,0.63,200,nm,in vitro,protein level,not_specified
290,B040612002,BC036531,ACACGTCTCGGTCATGGTAC,254,273,20,GUACCAUGACCGAGACGUGU,CATGGTACTGGCTCTGCACA,phosphorothioate-modified,,0.5,200,nm,in vitro,protein level,not_specified
291,B040612003,BC036531,TCTTGGTCTCGTCACAGAT,336,354,19,AUCUGUGACGAGACCAAGA,TAGACACTGCTCTGGTTCT,phosphorothioate-modified,,0.37,200,nm,in vitro,protein level,not_specified
292,B040612004,BC036531,GAACCAGACATGCCTCTTGT,4076,4094,19,ACAAGAGGCAUGUCUGGUU,GTTCTCCGTACAGACCAAG,phosphorothioate-modified,,0.33,200,nm,in vitro,protein level,not_specified
293,B040612005,BC036531,GTGGCCTCACACTCCGCG,38,55,18,CGCGGAGUGUGAGGCCAC,GCGCCTCACACTCCGGTG,phosphorothioate-modified,,0.29,200,nm,in vitro,protein level,not_specified
294,B040612006,BC036531,TGTTCGGTTGGTCAAAGATA,4684,4703,20,UAUCUUUGACCAACCGAACA,ATAGAAACTGGTTGGCTTGT,phosphorothioate-modified,,0.25,200,nm,in vitro,protein level,not_specified
297,B040612009,BC036531,TGCTCCGACCCCGAGGAG,13,30,18,CUCCUCGGGGUCGGAGCA,GAGGAGCCCCAGCCTCGT,phosphorothioate-modified,,0.2,200,nm,in vitro,protein level,not_specified
298,B040612010,BC036531,GCCGGTGGTTTCTTGGTCGGT,423,443,21,ACCGACCAAGAAACCACCGGC,TGGCTGGTTCTTTGGTGGCCG,phosphorothioate-modified,,0.2,200,nm,in vitro,protein level,not_specified
299,B040612011,BC036531,AGGGCGGTGGCCGCTAAG,152,169,18,CUUAGCGGCCACCGCCCU,GAATCGCCGGTGGCGGGA,phosphorothioate-modified,,0.17,200,nm,in vitro,protein level,not_specified
300,B040612012,BC036531,GGCCACACTGGGCTGAGTG,4022,4040,19,CACUCAGCCCAGUGUGGCC,GTGAGTCGGGTCACACCGG,phosphorothioate-modified,,0.16,200,nm,in vitro,protein level,not_specified
301,B040612013,BC036531,GAAACCAGCGCTGGGAGGAC,3685,3704,20,GUCCUCCCAGCGCUGGUUUC,CAGGAGGGTCGCGACCAAAG,phosphorothioate-modified,,0.08,200,nm,in vitro,protein level,not_specified
302,B040612014,BC036531,GAGGGGGTTAGCGTCCGC,62,79,18,GCGGACGCUAACCCCCUC,CGCCTGCGATTGGGGGAG,phosphorothioate-modified,,0.07,200,nm,in vitro,protein level,not_specified
303,B040612015,BC036531,GGGGACTTCGGCGCCGGGG,359,377,19,CCCCGGCGCCGAAGUCCCC,GGGGCCGCGGCTTCAGGGG,phosphorothioate-modified,,0.01,200,nm,in vitro,protein level,not_specified
305,B040612017,BC036531,TTTTTTGGCTTTTGAGGGGGTTC,4591,4613,23,GAACCCCCUCAAAAGCCAAAAAA,CTTGGGGGAGTTTTCGGTTTTTT,phosphorothioate-modified,,0,200,nm,in vitro,protein level,not_specified
306,B040612018,BC036531,GGGGGGTCCGGGGGGTCCG,539,557,19,CGGACCCCCCGGACCCCCC,GCCTGGGGGGCCTGGGGGG,phosphorothioate-modified,,0,200,nm,in vitro,protein level,not_specified
307,B040612019,BC036531,AACAGGACCAGCATCACCAG,3628,3647,20,CUGGUGAUGCUGGUCCUGUU,GACCACTACGACCAGGACAA,phosphorothioate-modified,,0,200,nm,in vitro,protein level,not_specified
308,L040719001,NM_010784,AAGAAGCCTCGGTGCTGCAT,355,374,20,AUGCAGCACCGAGGCUUCUU,TACGTCGTGGCTCCGAAGAA,phosphorothioate-modified,,0.87,5000,nm,in vitro,protein level,western blotting
309,L040719002,NM_010784,AGGGCGAGAAGGAAGAAG,369,386,18,CUUCUUCCUUCUCGCCCU,GAAGAAGGAAGAGCGGGA,phosphorothioate-modified,,0.87,5000,nm,in vitro,protein level,western blotting
310,L040719003,NM_010784,CTCCAAATTCCTTCTTCC,572,589,18,GGAAGAAGGAAUUUGGAG,CCTTCTTCCTTAAACCTC,phosphorothioate-modified,,0.87,5000,nm,in vitro,protein level,western blotting
311,L040719004,NM_010784,GGGCTTAGTCACGCGGAT,703,720,18,AUCCGCGUGACUAAGCCC,TAGGCGCACTGATTCGGG,phosphorothioate-modified,,0.87,5000,nm,in vitro,protein level,western blotting
313,L040719006,M15077,CGTGATGTTCACCTC,502,516,15,GAGGUGAACAUCACG,CUCCACTTGTAGTGC,Unmodified,,0.59,25,nm,in vitro,mRNA level,Northern blotting
314,L040719007,M15077,CTTTCCGCCCTTCTT,2225,2239,15,AAGAAGGGCGGAAAG,TTCTTCCCGCCTTTC,Unmodified,,0.75,25,nm,in vitro,mRNA level,Northern blotting
315,L040719008,M15077,TGATGTTCACCTC,502,514,13,GAGGUGAACAUCA,CTCCACTTGTAGT,Unmodified,,0.54,25,nm,in vitro,mRNA level,Northern blotting
316,L040719009,M15077,ATGTTCACCTC,502,512,11,GAGGUGAACAU,CTCCACTTGTA,Unmodified,,0.39,25,nm,in vitro,mRNA level,Northern blotting
317,L040719010,M15077,GTTCACCTC,502,510,9,GAGGUGAAC,CTCCACTTG,Unmodified,,0.1,25,nm,in vitro,mRNA level,Northern blotting
318,L040719011,M15077,CGTGATGTTCACC,504,516,13,GGUGAACAUCACG,CCACTTGTAGTGC,Unmodified,,0.48,25,nm,in vitro,mRNA level,Northern blotting
319,L040719012,M15077,CGTGATGTTCA,506,516,11,UGAACAUCACG,ACTTGTAGTGC,Unmodified,,0.33,25,nm,in vitro,mRNA level,Northern blotting
320,L040719013,M15077,CGTGATGTT,508,516,9,AACAUCACG,TTGTAGTGC,Unmodified,,0.17,25,nm,in vitro,mRNA level,Northern blotting
321,L040719014,X03484,GGTGCAAAGTCAACTAGAAG,2070,2089,20,CUUCUAGUUGACUUUGCACC,GAAGATCAACTGAAACGTGG,Unmodified,,0.1,0,nm,in vitro,mRNA level,not_specified
322,L040719015,X03484,CTGGCTTCTCCTCCTCCCCT,2105,2124,20,AGGGGAGGAGGAGAAGCCAG,TCCCCTCCTCCTCTTCGGTC,Unmodified,,0.02,0,nm,in vitro,mRNA level,not_specified
323,L040719016,X03484,GGCTTCCTTCTCCCAGGGCC,2251,2270,20,GGCCCUGGGAGAAGGAAGCC,CCGGGACCCTCTTCCTTCGG,Unmodified,,0.88,0,nm,in vitro,mRNA level,not_specified
324,L040719017,X03484,CAGCACTGCAAATGGCTTCC,2264,2283,20,GGAAGCCAUUUGCAGUGCUG,CCTTCGGTAAACGTCACGAC,Unmodified,,0.25,0,nm,in vitro,mRNA level,not_specified
325,L040719018,X03484,TTGAGCATGGGGAATGTGGG,2301,2320,20,CCCACAUUCCCCAUGCUCAA,GGGTGTAAGGGGTACGAGTT,Unmodified,,0.4,0,nm,in vitro,mRNA level,not_specified
326,L040719019,X03484,TGTAGCCAACAGCTGGGGCT,2381,2400,20,AGCCCCAGCUGUUGGCUACA,TCGGGGTCGACAACCGATGT,Unmodified,,0.05,0,nm,in vitro,mRNA level,not_specified
327,L040719020,X03484,CTGATTTCCAAAATCCCATG,2454,2473,20,CAUGGGAUUUUGGAAAUCAG,GTACCCTAAAACCTTTAGTC,Unmodified,,0.78,0,nm,in vitro,mRNA level,not_specified
328,L040719021,X03484,TCCCGCCTGTGACATGCATT,2484,2503,20,AAUGCAUGUCACAGGCGGGA,TTACGTACAGTGTCCGCCCT,Unmodified,,0.95,0,nm,in vitro,mRNA level,not_specified
329,L040719022,X03484,AAAGTCCCGCCTGTGACATG,2488,2507,20,CAUGUCACAGGCGGGACUUU,GTACAGTGTCCGCCCTGAAA,Unmodified,,0.91,0,nm,in vitro,mRNA level,not_specified
330,L040719023,X03484,CTGGGCTGTTTGGTGCCTTA,2544,2563,20,UAAGGCACCAAACAGCCCAG,ATTCCGTGGTTTGTCGGGTC,Unmodified,,0.2,0,nm,in vitro,mRNA level,not_specified
331,L040719024,X03484,TTCCATAGTACCAAAGCAGG,2594,2613,20,CCUGCUUUGGUACUAUGGAA,GGACGAAACCATGATACCTT,Unmodified,,0.84,0,nm,in vitro,mRNA level,not_specified
332,L040719025,X03484,GCCGAGTGCCTTGCCTGGAA,2677,2696,20,UUCCAGGCAAGGCACUCGGC,AAGGTCCGTTCCGTGAGCCG,Unmodified,,0,0,nm,in vitro,mRNA level,not_specified
333,L040719026,X03484,CTGAGAGGGCTGAGATGCGG,2701,2720,20,CCGCAUCUCAGCCCUCUCAG,GGCGTAGAGTCGGGAGAGTC,Unmodified,,0,0,nm,in vitro,mRNA level,not_specified
334,L040719027,X03484,TTCAGCATGATGGAAGACTG,2724,2743,20,CAGUCUUCCAUCAUGCUGAA,GTCAGAAGGTAGTACGACTT,Unmodified,,0.75,0,nm,in vitro,mRNA level,not_specified
335,L040719028,X03484,GCTCCTGGAAGACAAAATTC,2741,2760,20,GAAUUUUGUCUUCCAGGAGC,CTTAAAACAGAAGGTCCTCG,Unmodified,,0.2,0,nm,in vitro,mRNA level,not_specified
336,L040719029,X03484,TTTGTTAGAGAAACAGGCTG,2787,2806,20,CAGCCUGUUUCUCUAACAAA,GTCGGACAAAGAGATTGTTT,Unmodified,,0,0,nm,in vitro,mRNA level,not_specified
337,L040719030,X03484,TTTGTTTGTTAGAGAAACAG,2791,2810,20,CUGUUUCUCUAACAAACAAA,GACAAAGAGATTGTTTGTTT,Unmodified,,0,0,nm,in vitro,mRNA level,not_specified
338,L040719031,X03484,TAAGATCTGGGGAGGCATAT,1821,1840,20,AUAUGCCUCCCCAGAUCUUA,TATACGGAGGGGTCTAGAAT,Unmodified,,0.33,0,nm,in vitro,mRNA level,not_specified
339,L040719032,X03484,CAAGAAAACCTGTATTCCTG,2861,2880,20,CAGGAAUACAGGUUUUCUUG,GTCCTTATGTCCAAAAGAAC,Unmodified,,0,0,nm,in vitro,mRNA level,not_specified
340,L040719033,X03484,TTGTCAGGTGCAATAAAAAC,2901,2920,20,GUUUUUAUUGCACCUGACAA,CAAAAATAACGTGGACTGTT,Unmodified,,0.1,0,nm,in vitro,mRNA level,not_specified
341,L040719034,M24283,GAGCCATAGCGAGGCTGAGG,59,78,20,CCUCAGCCUCGCUAUGGCUC,GGAGTCGGAGCGATACCGAG,phosphorothioate-modified,,0.81,70,nm,in vitro,protein level,immunofluorescence staining
342,L040719035,M24283,GGGAGCCATAGCGAGGCTGA,61,80,20,UCAGCCUCGCUAUGGCUCCC,AGTCGGAGCGATACCGAGGG,phosphorothioate-modified,,0.44,70,nm,in vitro,protein level,immunofluorescence staining
343,L040719036,M24283,CTGGGAGCCATAGCGAGGCT,63,82,20,AGCCUCGCUAUGGCUCCCAG,TCGGAGCGATACCGAGGGTC,phosphorothioate-modified,,0.59,70,nm,in vitro,protein level,immunofluorescence staining
344,L040719037,M24283,CATGGTGATCTCTCCTCACC,593,612,20,GGUGAGGAGAGAUCACCAUG,CCACTCCTCTCTAGTGGTAC,phosphorothioate-modified,,0,70,nm,in vitro,protein level,immunofluorescence staining
345,L040719038,M24283,GGCTCCATGGTGATCTCTCC,598,617,20,GGAGAGAUCACCAUGGAGCC,CCTCTCTAGTGGTACCTCGG,phosphorothioate-modified,,0.21,70,nm,in vitro,protein level,immunofluorescence staining
346,L040719039,M24283,AAATTGGCTCCATGGTGATC,603,622,20,GAUCACCAUGGAGCCAAUUU,CTAGTGGTACCTCGGTTAAA,phosphorothioate-modified,,0.38,70,nm,in vitro,protein level,immunofluorescence staining
347,L040719040,M24283,CGAGAAATTGGCTCCATGGT,607,626,20,ACCAUGGAGCCAAUUUCUCG,TGGTACCTCGGTTAAAGAGC,phosphorothioate-modified,,0,70,nm,in vitro,protein level,immunofluorescence staining
348,L040719041,M24283,CACGAGAAATTGGCTCCATG,609,628,20,CAUGGAGCCAAUUUCUCGUG,GTACCTCGGTTAAAGAGCAC,phosphorothioate-modified,,0,70,nm,in vitro,protein level,immunofluorescence staining
349,L040719042,M24283,GCACGAGAAATTGGCTCCAT,610,629,20,AUGGAGCCAAUUUCUCGUGC,TACCTCGGTTAAAGAGCACG,phosphorothioate-modified,,0.3,70,nm,in vitro,protein level,immunofluorescence staining
350,L040719043,M24283,GGCACGAGAAATTGGCTCCA,611,630,20,UGGAGCCAAUUUCUCGUGCC,ACCTCGGTTAAAGAGCACGG,phosphorothioate-modified,,0.13,70,nm,in vitro,protein level,immunofluorescence staining
351,L040719044,M24283,GTGCGGCACGAGAAATTGGC,615,634,20,GCCAAUUUCUCGUGCCGCAC,CGGTTAAAGAGCACGGCGTG,phosphorothioate-modified,,0,70,nm,in vitro,protein level,immunofluorescence staining
352,L040719045,M24283,CTCCCGGGTCTGGTTCTTGT,1219,1238,20,ACAAGAACCAGACCCGGGAG,TGTTCTTGGTCTGGGCCCTC,phosphorothioate-modified,,0.09,70,nm,in vitro,protein level,immunofluorescence staining
353,L040719046,M24283,GAAGCTCCCGGGTCTGGTTC,1223,1242,20,GAACCAGACCCGGGAGCUUC,CTTGGTCTGGGCCCTCGAAG,phosphorothioate-modified,,0.18,70,nm,in vitro,protein level,immunofluorescence staining
354,L040719047,M24283,TGATTCCCCGATGGGCAGTG,1384,1403,20,CACUGCCCAUCGGGGAAUCA,GTGACGGGTAGCCCCTTAGT,phosphorothioate-modified,,0.45,70,nm,in vitro,protein level,immunofluorescence staining
355,L040719048,M24283,AGTCACTGATTCCCCGATGG,1390,1409,20,CCAUCGGGGAAUCAGUGACU,GGTAGCCCCTTAGTCACTGA,phosphorothioate-modified,,0.14,70,nm,in vitro,protein level,immunofluorescence staining
356,L040719049,M24283,CAGTCACTGATTCCCCGATG,1391,1410,20,CAUCGGGGAAUCAGUGACUG,GTAGCCCCTTAGTCACTGAC,phosphorothioate-modified,,0,70,nm,in vitro,protein level,immunofluorescence staining
357,L040719050,M24283,GGTTTCATGGGGGTCCCTTT,1626,1645,20,AAAGGGACCCCCAUGAAACC,TTTCCCTGGGGGTACTTTGG,phosphorothioate-modified,,0,70,nm,in vitro,protein level,immunofluorescence staining
358,L040719051,M24283,CGGTTTCATGGGGGTCCCTT,1627,1646,20,AAGGGACCCCCAUGAAACCG,TTCCCTGGGGGTACTTTGGC,phosphorothioate-modified,,0.62,70,nm,in vitro,protein level,immunofluorescence staining
359,L040719052,M24283,TCGGTTTCATGGGGGTCCCT,1628,1647,20,AGGGACCCCCAUGAAACCGA,TCCCTGGGGGTACTTTGGCT,phosphorothioate-modified,,0,70,nm,in vitro,protein level,immunofluorescence staining
360,L040719053,M24283,TTCGGTTTCATGGGGGTCCC,1629,1648,20,GGGACCCCCAUGAAACCGAA,CCCTGGGGGTACTTTGGCTT,phosphorothioate-modified,,0.51,70,nm,in vitro,protein level,immunofluorescence staining
361,L040719054,M24283,GTTCGGTTTCATGGGGGTCC,1630,1649,20,GGACCCCCAUGAAACCGAAC,CCTGGGGGTACTTTGGCTTG,phosphorothioate-modified,,0.17,70,nm,in vitro,protein level,immunofluorescence staining
362,L040719055,M24283,TGTTCGGTTTCATGGGGGTC,1631,1650,20,GACCCCCAUGAAACCGAACA,CTGGGGGTACTTTGGCTTGT,phosphorothioate-modified,,0,70,nm,in vitro,protein level,immunofluorescence staining
363,L040719056,M24283,GCTTGTGTGTTCGGTTTCAT,1638,1657,20,AUGAAACCGAACACACAAGC,TACTTTGGCTTGTGTGTTCG,phosphorothioate-modified,,0.35,70,nm,in vitro,protein level,immunofluorescence staining
364,L040719057,M24283,CGTGGCTTGTGTGTTCGGTT,1642,1661,20,AACCGAACACACAAGCCACG,TTGGCTTGTGTGTTCGGTGC,phosphorothioate-modified,,0.66,70,nm,in vitro,protein level,immunofluorescence staining
365,L040719058,M24283,GCGTGGCTTGTGTGTTCGGT,1643,1662,20,ACCGAACACACAAGCCACGC,TGGCTTGTGTGTTCGGTGCG,phosphorothioate-modified,,0.03,70,nm,in vitro,protein level,immunofluorescence staining
366,L040719059,M24283,GGCGTGGCTTGTGTGTTCGG,1644,1663,20,CCGAACACACAAGCCACGCC,GGCTTGTGTGTTCGGTGCGG,phosphorothioate-modified,,0.57,70,nm,in vitro,protein level,immunofluorescence staining
367,L040719060,M24283,AGGCGTGGCTTGTGTGTTCG,1645,1664,20,CGAACACACAAGCCACGCCU,GCTTGTGTGTTCGGTGCGGA,phosphorothioate-modified,,0,70,nm,in vitro,protein level,immunofluorescence staining
368,L040719061,M24283,GAGGCGTGGCTTGTGTGTTC,1646,1665,20,GAACACACAAGCCACGCCUC,CTTGTGTGTTCGGTGCGGAG,phosphorothioate-modified,,0.7,70,nm,in vitro,protein level,immunofluorescence staining
369,L040719062,M24283,GGAGGCGTGGCTTGTGTGTT,1647,1666,20,AACACACAAGCCACGCCUCC,TTGTGTGTTCGGTGCGGAGG,phosphorothioate-modified,,0.63,70,nm,in vitro,protein level,immunofluorescence staining
370,L040719063,M24283,GGGAGGCGTGGCTTGTGTGT,1648,1667,20,ACACACAAGCCACGCCUCCC,TGTGTGTTCGGTGCGGAGGG,phosphorothioate-modified,,0.54,70,nm,in vitro,protein level,immunofluorescence staining
371,L040719064,M24283,AGGGAGGCGTGGCTTGTGTG,1649,1668,20,CACACAAGCCACGCCUCCCU,GTGTGTTCGGTGCGGAGGGA,phosphorothioate-modified,,0.45,70,nm,in vitro,protein level,immunofluorescence staining
372,L040719065,M24283,CAGGGAGGCGTGGCTTGTGT,1650,1669,20,ACACAAGCCACGCCUCCCUG,TGTGTTCGGTGCGGAGGGAC,phosphorothioate-modified,,0.61,70,nm,in vitro,protein level,immunofluorescence staining
373,L040719066,M24283,TCAGGGAGGCGTGGCTTGTG,1651,1670,20,CACAAGCCACGCCUCCCUGA,GTGTTCGGTGCGGAGGGACT,phosphorothioate-modified,,0.64,70,nm,in vitro,protein level,immunofluorescence staining
374,L040719067,M24283,TTCAGGGAGGCGTGGCTTGT,1652,1671,20,ACAAGCCACGCCUCCCUGAA,TGTTCGGTGCGGAGGGACTT,phosphorothioate-modified,,0.44,70,nm,in vitro,protein level,immunofluorescence staining
375,L040719068,M24283,GATGCGTGGCCTAGTGTTTT,1851,1870,20,AAAACACUAGGCCACGCAUC,TTTTGTGATCCGGTGCGTAG,phosphorothioate-modified,,0.28,70,nm,in vitro,protein level,immunofluorescence staining
376,L040719069,M24283,ATCAGATGCGTGGCCTAGTG,1855,1874,20,CACUAGGCCACGCAUCUGAU,GTGATCCGGTGCGTAGACTA,phosphorothioate-modified,,0.8,70,nm,in vitro,protein level,immunofluorescence staining
377,L040719070,M24283,AAAAAAAAAAAAAATCAAAT,2914,2933,20,AUUUGAUUUUUUUUUUUUUU,TAAACTAAAAAAAAAAAAAA,phosphorothioate-modified,,0,70,nm,in vitro,protein level,immunofluorescence staining
378,L040719071,X14805,CCAGTTTTTTACGTGTCG,1041,1058,18,CGACACGUAAAAAACUGG,GCTGTGCATTTTTTGACC,phosphorothioate-modified,,0.28,10,nm,in vitro,mRNA level,RT-PCR
379,L040719072,X14805,AAGTGAGTTTCCGGTCTTGC,860,879,20,GCAAGACCGGAAACUCACUU,CGTTCTGGCCTTTGAGTGAA,phosphorothioate-modified,,0.67,10,nm,in vitro,mRNA level,RT-PCR
380,L040719073,X14805,TCCAAGTGAGTTTCCGGTCT,863,882,20,AGACCGGAAACUCACUUGGA,TCTGGCCTTTGAGTGAACCT,phosphorothioate-modified,,0.77,10,nm,in vitro,mRNA level,RT-PCR
381,L040719074,X14805,TTTCCGGTCTTGCTTCTC,855,872,18,GAGAAGCAAGACCGGAAA,CTCTTCGTTCTGGCCTTT,phosphorothioate-modified,,0.92,10,nm,in vitro,mRNA level,RT-PCR
382,L040719075,X14805,CGTCCAAGTGAGTTTCCG,867,884,18,CGGAAACUCACUUGGACG,GCCTTTGAGTGAACCTGC,phosphorothioate-modified,,0.76,10,nm,in vitro,mRNA level,RT-PCR
383,L040719076,X14805,CCCTGAGGATGGGCTGGTAG,4300,4319,20,CUACCAGCCCAUCCUCAGGG,GATGGTCGGGTAGGAGTCCC,phosphorothioate-modified,,0.89,10,nm,in vitro,mRNA level,RT-PCR
384,L040719077,X14805,GGTCCCTGAGGATGGGCTGG,4303,4322,20,CCAGCCCAUCCUCAGGGACC,GGTCGGGTAGGAGTCCCTGG,phosphorothioate-modified,,0.93,10,nm,in vitro,mRNA level,RT-PCR
385,L040719078,X14805,GTCCCTGAGGATGGGCTG,4304,4321,18,CAGCCCAUCCUCAGGGAC,GTCGGGTAGGAGTCCCTG,phosphorothioate-modified,,0.82,10,nm,in vitro,mRNA level,RT-PCR
386,L040719079,BC005976,AGCTGAAGACCAGACCGT,17,34,18,ACGGUCUGGUCUUCAGCU,TGCCAGACCAGAAGTCGA,phosphorothioate-modified,,0.81,300,nm,in vitro,mRNA level,RT-PCR
387,L040719080,BC005976,CTGCTTTCCATCCACCTC,256,273,18,GAGGUGGAUGGAAAGCAG,CTCCACCTACCTTTCGTC,phosphorothioate-modified,,0.84,300,nm,in vitro,mRNA level,RT-PCR
388,L040719081,BC005976,CTCTGCCTTCTTCAGGTT,536,553,18,AACCUGAAGAAGGCAGAG,TTGGACTTCTTCCGTCTC,phosphorothioate-modified,,0.81,300,nm,in vitro,mRNA level,RT-PCR
389,L040719082,BC005976,GTGGACTAACGAGAGAAC,1,18,18,GUUCUCUCGUUAGUCCAC,CAAGAGAGCAATCAGGTG,phosphorothioate-modified,,0.3,300,nm,in vitro,mRNA level,RT-PCR
390,L040719083,BC005976,GACCGTGGACTAACGAGA,5,22,18,UCUCGUUAGUCCACGGUC,AGAGCAATCAGGTGCCAG,phosphorothioate-modified,,0.65,300,nm,in vitro,mRNA level,RT-PCR
391,L040719084,BC005976,GGACAGAAATGCTTGACT,423,440,18,AGUCAAGCAUUUCUGUCC,TCAGTTCGTAAAGACAGG,phosphorothioate-modified,,0.59,300,nm,in vitro,mRNA level,RT-PCR
392,L040719085,BC005976,TGGGCACGTTGGGACAGAA,433,451,19,UUCUGUCCCAACGUGCCCA,AAGACAGGGTTGCACGGGT,phosphorothioate-modified,,0.6,300,nm,in vitro,mRNA level,RT-PCR
393,L040719086,BC005976,CGAAGATCCTTCTTATTC,465,482,18,GAAUAAGAAGGAUCUUCG,CTTATTCTTCCTAGAAGC,phosphorothioate-modified,,0.6,300,nm,in vitro,mRNA level,RT-PCR
394,L040719087,BC005976,TTTGCCATATCTCTGCCTTCTT,542,563,22,AAGAAGGCAGAGAUAUGGCAAA,TTCTTCCGTCTCTATACCGTTT,phosphorothioate-modified,,0.44,300,nm,in vitro,mRNA level,RT-PCR
395,L040719088,BC005976,CTCCATCTTTGGTCTTTG,599,616,18,CAAAGACCAAAGAUGGAG,GTTTCTGGTTTCTACCTC,phosphorothioate-modified,,0.72,300,nm,in vitro,mRNA level,RT-PCR
396,L040719089,BC005976,AAAGAAGCAAGAAGTTAAGA,963,982,20,UCUUAACUUCUUGCUUCUUU,AGAATTGAAGAACGAAGAAA,phosphorothioate-modified,,0.54,300,nm,in vitro,mRNA level,RT-PCR
397,L040719090,BC005976,CTGAAGTGGTGACTCACC,1080,1097,18,GGUGAGUCACCACUUCAG,CCACTCAGTGGTGAAGTC,phosphorothioate-modified,,0.5,300,nm,in vitro,mRNA level,RT-PCR
399,L040719092,M10843,GCAAGTAAACACAGTTGTGT,14,33,20,ACACAACUGUGUUUACUUGC,TGTGTTGACACAAATGAACG,unmodified,,0.23,5200,nm,in vitro,RNase H assay,not_specified
400,L040719093,M10843,CAGATGCACCATTCTGTCTG,46,65,20,CAGACAGAAUGGUGCAUCUG,GTCTGTCTTACCACGTAGAC,unmodified,,0.61,5200,nm,in vitro,RNase H assay,not_specified
401,L040719094,M10843,GGGTAGACAACCAGCAGCCT,144,163,20,AGGCUGCUGGUUGUCUACCC,TCCGACGACCAACAGATGGG,unmodified,,0.18,5200,nm,in vitro,RNase H assay,not_specified
402,L040719095,M10843,TTGTTCATAACAGCATTTGC,207,226,20,GCAAAUGCUGUUAUGAACAA,CGTTTACGACAATACTTGTT,unmodified,,0.43,5200,nm,in vitro,RNase H assay,not_specified
403,L040719096,M10843,CAGTTGTGTCAAAAGCAAGTGT,1,22,22,ACACUUGCUUUUGACACAACUG,TGTGAACGAAAACTGTGTTGAC,unmodified,,0.67,5200,nm,in vitro,RNase H assay,not_specified
404,L040719097,M10843,TTTTGGGGATTGCAAGTAAACA,23,45,23,UGUUUACUUGCAAUCCCCAAAA,ACAAATGAACGTTAGGGGTTTT,unmodified,,0.47,5200,nm,in vitro,RNase H assay,not_specified
405,L040719100,M10843,ATGCACCATTCTGTCTG,46,62,17,CAGACAGAAUGGUGCAU,GTCTGTCTTACCACGTA,unmodified,,0.5,100,nm,in vitro,RNase H assay,not_specified
407,L040719102,M10843,ACAGGGCAGTGACCG,85,99,15,CGGUCACUGCCCUGU,GCCAGTGACGGGACA,unmodified,,0,1000,nm,in vitro,RNase H assay,not_specified
408,L040719103,M10843,TTGTGTCAAAAGCAAGT,3,19,17,ACUUGCUUUUGACACAA,TGAACGAAAACTGTGTT,unmodified,,0.72,500,nm,in vitro,RNase H assay,not_specified
410,L040719105,M10843,TTGTGTCTGTT,44,54,11,AACAGACACAA,TTGTCTGTGTT,unmodified,,0.65,500,nm,in vitro,RNase H assay,not_specified
411,L040719106,M10843,CACCAACTTCTTCCACA,113,129,17,UGUGGAAGAAGUUGGUG,ACACCTTCTTCAACCAC,unmodified,,0.95,500,nm,in vitro,RNase H assay,not_specified
412,L040719107,NM_010066,CCGTTCTCCAAGGACAAATCCTTATT,338,363,26,AAUAAGGAUUUGUCCUUGGAGAACGG,TTATTCCTAAACAGGAACCTCTTGCC,phosphorothioate-modified,,0.2,100,nm,in vitro,mRNA level,electrophoresed PCR
413,L040719108,NM_010066,TCCCGTTGGCGGGACAACCGTTG,388,410,23,CAACGGUUGUCCCGCCAACGGGA,GTTGCCAACAGGGCGGTTGCCCT,phosphorothioate-modified,,0.5,100,nm,in vitro,mRNA level,electrophoresed PCR
414,L040719109,NM_010066,GGGTGTCACTGTCCGACTTGCT,491,512,22,AGCAAGUCGGACAGUGACACCC,TCGTTCAGCCTGTCACTGTGGG,phosphorothioate-modified,,0.85,100,nm,in vitro,mRNA level,electrophoresed PCR
415,S040714001,U45880,ATCTTCTCTTGAAAATAGG,17,35,19,CCUAUUUUCAAGAGAAGAU,GGATAAAAGTTCTCTTCTA,phosphorothioate-modified,,0.51,1200,nm,in vitro, mRna level, RT-PCR
416,S040714002,U45880,GCTGAGTCTCCATATTGCC,251,269,19,GGCAAUAUGGAGACUCAGC,CCGTTATACCTCTGAGTCG,phosphorothioate-modified,,0.6,1200,nm,in vitro, mRna level,RT-PCR
417,S040714003,U45880,ACCATTCTGGATACCAGAA,354,372,19,UUCUGGUAUCCAGAAUGGU,AAGACCATAGGTCTTACCA,phosphorothioate-modified,,0.72,1200,nm,in vitro, mRna level,RT-PCR
418,S040714004,U45880,GGGTTCCTCGGGTATATGG,470,488,19,CCAUAUACCCGAGGAACCC,GGTATATGGGCTCCTTGGG,phosphorothioate-modified,,0.52,1200,nm,in vitro, mRna level,RT-PCR
419,S040714005,U45880,GGTATCTCCTTCACCAGTA,195,213,19,UACUGGUGAAGGAGAUACC,ATGACCACTTCCTCTATGG,phosphorothioate-modified,,0.45,1200,nm,in vitro, mRna level,RT-PCR
420,S040714006,U45880,GATTCACTTCGAATATTAA,737,755,19,UUAAUAUUCGAAGUGAAUC,AATTATAAGCTTCACTTAG,phosphorothioate-modified,,0.36,1200,nm,in vitro, mRna level,RT-PCR
421,S040714007,AF015950,TGTCCTGGGGGATGGTGTCG,2206,2225,20,CGACACCAUCCCCCAGGACA,GCTGTGGTAGGGGGTCCTGT,phosphorothioate-modified,,0.19,250,nm,in vitro, mRna level,RT-PCR
422,S040714008,AF015950,TTGAAGGCCTTGCGGACGTG,2315,2334,20,CACGUCCGCAAGGCCUUCAA,GTGCAGGCGTTCCGGAAGTT,phosphorothioate-modified,,0.59,250,nm,in vitro, mRna level,RT-PCR
423,S040714009,AF015950,TCTTGAAGGCCTTGCGGACG,2317,2336,20,CGUCCGCAAGGCCUUCAAGA,GCAGGCGTTCCGGAAGTTCT,phosphorothioate-modified,,0.58,250,nm,in vitro, mRna level,RT-PCR
424,S040714010,AF015950,GGTAGAGACGTGGCTCTTGA,2331,2350,20,UCAAGAGCCACGUCUCUACC,AGTTCTCGGTGCAGAGATGG,phosphorothioate-modified,,0.56,250,nm,in vitro, mRna level,RT-PCR
425,S040714011,AF015950,AAGGTAGAGACGTGGCTCTT,2333,2352,20,AAGAGCCACGUCUCUACCUU,TTCTCGGTGCAGAGATGGAA,phosphorothioate-modified,,0.37,250,nm,in vitro, mRna level,RT-PCR
428,S040714014,NR_001566,AGTCAGCGAGAAAAACA,97,113,17,UGUUUUUCUCGCUGACU,ACAAAAAGAGCGACTGA,unmodified,,0.9,500,nm,in vitro,Cellviability,not_specified
430,S040714016,NR_001566,AGTGGGTGCCTCCGGAGA,274,290,17,UCUCCGGAGGCACCCAC,GAGGCCTCCGTGGGTGA,unmodified,,0.97,500,nm,in vitro,Cellviability,not_specified
432,S040714018,M34309,ACACTGCCTGAGAGTTGCCC,264,283,20,GGGCAACUCUCAGGCAGUGU,CCCGTTGAGAGTCCGTCACA,phosphorothioate-modified,,0.5,3500,nm,in vitro, mRNA level,not_specified
433,S040714019,M34309,CCATCACCACCTCACACCTC,360,379,20,GAGGUGUGAGGUGGUGAUGG,CTCCACACTCCACCACTACC,phosphorothioate-modified,,0.5,2000,nm,in vitro, mRNA level,not_specified
434,S040714020,M34309,GGTCTTGGTCAATGTCTGGC,803,822,20,GCCAGACAUUGACCAAGACC,CGGTCTGTAACTGGTTCTGG,phosphorothioate-modified,,0.5,1000,nm,in vitro, mRNA level,not_specified
435,S040714021,M34309,TCTACTTCCATCTTGTCAGG,1117,1136,20,CCUGACAAGAUGGAAGUAGA,GGACTGTTCTACCTTCATCT,phosphorothioate-modified,,0.5,800,nm,in vitro, mRNA level,not_specified
436,S040714022,M34309,GTCCACTCTTGTCCTCAATG,2427,2446,20,CAUUGAGGACAAGAGUGGAC,GTAACTCCTGTTCTCACCTG,phosphorothioate-modified,,0.5,700,nm,in vitro, mRNA level,not_specified
437,S040714023,M34309,TCCAACACTTGACCATCACC,3024,3043,20,GGUGAUGGUCAAGUGUUGGA,CCACTACCAGTTCACAACCT,phosphorothioate-modified,,0.5,900,nm,in vitro, mRNA level,not_specified
438,S040714024,M34309,CTGGCTCCAGCTCTACTTCC,3201,3220,20,GGAAGUAGAGCUGGAGCCAG,CCTTCATCTCGACCTCGGTC,phosphorothioate-modified,,0.5,1500,nm,in vitro, mRNA level,not_specified
439,S040714025,M34309,TGGACTGTGCCTTCTCCTCC,3803,3822,20,GGAGGAGAAGGCACAGUCCA,CCTCCTCTTCCGTGTCAGGT,phosphorothioate-modified,,0.5,800,nm,in vitro, mRNA level,not_specified
440,S040714026,M34309,GCTCTCATCTCTTCATACCC,4060,4079,20,GGGUAUGAAGAGAUGAGAGC,CCCATACTTCTCTACTCTCG,phosphorothioate-modified,,0.5,600,nm,in vitro, mRNA level,not_specified
441,S040714027,M34309,CTCTTCTTGACAGTCTGATG,4594,4613,20,CAUCAGACUGUCAAGAAGAG,GTAGTCTGACAGTTCTTCTC,phosphorothioate-modified,,0.5,500,nm,in vitro, mRNA level,not_specified
442,S040714028,M34309,ACTTTAATGCAGACTGGAAT,2407,2426,20,AUUCCAGUCUGCAUUAAAGU,TAAGGTCAGACGTAATTTCA,phosphorothioate-modified,,0.5,600,nm,in vitro, mRNA level,not_specified
443,S040714029,M34309,GTCCTCAATGACTTTAATGC,2417,2436,20,GCAUUAAAGUCAUUGAGGAC,CGTAATTTCAGTAACTCCTG,phosphorothioate-modified,,0.5,700,nm,in vitro, mRNA level,not_specified
444,S040714030,M34309,AGCTTGAAAACTCTGCCGTC,2444,2463,20,GACGGCAGAGUUUUCAAGCU,CTGCCGTCTCAAAAGTTCGA,phosphorothioate-modified,,0.5,500,nm,in vitro, mRNA level,not_specified
445,S040714031,M34309,TATGATCTGTCACAGCTTGA,2457,2476,20,UCAAGCUGUGACAGAUCAUA,AGTTCGACACTGTCTAGTAT,phosphorothioate-modified,,0.5,100,nm,in vitro, mRNA level,not_specified
446,S040714032,M34309,TTGCTCAGATGCTGGGCAGG,4040,4059,20,CCUGCCCAGCAUCUGAGCAA,GGACGGGTCGTAGACTCGTT,phosphorothioate-modified,,0.5,200,nm,in vitro, mRNA level,not_specified
447,S040714033,M34309,CTTCATACCCTTGCTCAGAT,4050,4069,20,AUCUGAGCAAGGGUAUGAAG,TAGACTCGTTCCCATACTTC,phosphorothioate-modified,,0.5,300,nm,in vitro, mRNA level,not_specified
448,S040714034,M34309,CCCCTGAAAAGCTCTCATCT,4070,4089,20,AGAUGAGAGCUUUUCAGGGG,TCTACTCTCGAAAAGTCCCC,phosphorothioate-modified,,0.5,500,nm,in vitro, mRNA level,not_specified
449,S040714035,M34309,CCTGATGTCCAGGCCCCTGA,4083,4102,20,UCAGGGGCCUGGACAUCAGG,AGTCCCCGGACCTGTAGTCC,phosphorothioate-modified,,0.5,400,nm,in vitro, mRNA level,not_specified
450,S040714036,M34309,GGAAACAAAGGCACACATAA,4574,4593,20,UUAUGUGUGCCUUUGUUUCC,AATACACACGGAAACAAAGG,phosphorothioate-modified,,0.5,250,nm,in vitro, mRNA level,not_specified
451,S040714037,M34309,CAGTCTGATGGGAAACAAAG,4584,4603,20,CUUUGUUUCCCAUCAGACUG,GAAACAAAGGGTAGTCTGAC,phosphorothioate-modified,,0.5,100,nm,in vitro, mRNA level,not_specified
452,S040714038,M34309,CCTCCCTTTCCTCTTCTTGA,4604,4623,20,UCAAGAAGAGGAAAGGGAGG,AGTTCTTCTCCTTTCCCTCC,phosphorothioate-modified,,0.5,100,nm,in vitro, mRNA level,not_specified
453,S040714039,M34309,TGCTAGGTTTCCTCCCTTTC,4614,4633,20,GAAAGGGAGGAAACCUAGCA,CTTTCCCTCCTTTGGATCGT,phosphorothioate-modified,,0.5,100,nm,in vitro, mRNA level,not_specified
454,S040714040,NM_004507,GCCCGAAACTTCATGGCC,127,144,18,GGCCAUGAAGUUUCGGGC,CCGGTACTTCAAAGCCCG,phosphorothioate-modified,,0.57,1000,nm,in vitro, mRNA level,not_specified
455,S040714041,NM_004507,GGCTATCATGTTACTGAT,185,202,18,AUCAGUAACAUGAUAGCC,TAGTCATTGTACTATCGG,phosphorothioate-modified,,0.58,1000,nm,in vitro, mRNA level,not_specified
456,S040714042,NM_004507,GCTCACTCCTCCATTAGC,272,289,18,GCUAAUGGAGGAGUGAGC,CGATTACCTCCTCACTCG,phosphorothioate-modified,,0.57,1000,nm,in vitro, mRNA level,not_specified
457,S040714043,NM_004507,CCAGCTCACACCACATGC,288,305,18,GCAUGUGGUGUGAGCUGG,CGTACACCACACTCGACC,phosphorothioate-modified,,0.71,1000,nm,in vitro, mRNA level,not_specified
458,S040714044,NM_004507,GTTCTCCTGTTCCAGCTC,299,316,18,GAGCUGGAACAGGAGAAC,CTCGACCTTGTCCTCTTG,phosphorothioate-modified,,0.42,1000,nm,in vitro, mRNA level,not_specified
459,S040714045,NM_004507,CTGGGCAGTCTTCAAGGC,401,418,18,GCCUUGAAGACUGCCCAG,CGGAACTTCTGACGGGTC,phosphorothioate-modified,,0.67,1000,nm,in vitro, mRNA level,not_specified
460,S040714046,NM_004507,GTCCTTCCACAATTTCCT,548,565,18,AGGAAAUUGUGGAAGGAC,TCCTTTAACACCTTCCTG,phosphorothioate-modified,,0.8,1000,nm,in vitro, mRNA level,not_specified
461,S040714047,NM_004507,TTTCCACAACACTCTTCA,627,644,18,UGAAGAGUGUUGUGGAAA,ACTTCTCACAACACCTTT,phosphorothioate-modified,,0.8,1000,nm,in vitro, mRNA level,not_specified
462,S040714048,NM_004507,GTTGTCCAGCAAGAAACT,846,863,18,AGUUUCUUGCUGGACAAC,TCAAAGAACGACCTGTTG,phosphorothioate-modified,,0.59,1000,nm,in vitro, mRNA level,not_specified
463,S040714049,NM_004507,GCCAACTCCAGCGACAGG,977,994,18,CCUGUCGCUGGAGUUGGC,GGACAGCGACCTCAACCG,phosphorothioate-modified,,0.6,1000,nm,in vitro, mRNA level,not_specified
464,S040714050,NM_004507,GGCCTCTCCCATCCTGAC,1008,1025,18,GUCAGGAUGGGAGAGGCC,CAGTCCTACCCTCTCCGG,phosphorothioate-modified,,0.7,1000,nm,in vitro, mRNA level,not_specified
465,S040714051,AJ278710,TCCACTCCGGTCCTCT,2656,2671,16,AGAGGACCGGAGUGGA,TCTCCTGGCCTCACCT,Unmodified,,0.5,0,nm,in vitro,a-sarcin digestion assays,not_specified
466,S040714052,AJ278710,TCCACTCCGGTCCTCTCG,2654,2671,18,CGAGAGGACCGGAGUGGA,GCTCTCCTGGCCTCACCT,Unmodified,,0.4,0,nm,in vitro,a-sarcin digestion assays,not_specified
467,S040714053,AJ278710,CACTCCGGTCCTCT,2656,2669,14,AGAGGACCGGAGUG,TCTCCTGGCCTCAC,Unmodified,,0.45,0,nm,in vitro,a-sarcin digestion assays,not_specified
468,S040714054,AJ278710,CCTCTCGTACTAGGAGCA,2643,2660,18,UGCUCCUAGUACGAGAGG,ACGAGGATCATGCTCTCC,Unmodified,,0.4,0,nm,in vitro,a-sarcin digestion assays,not_specified
469,S040714055,AJ278710,CTCGTACTAGGAGCA,2643,2658,16,UGCUCCUAGUACGAG,ACGAGGATCATGCTC,Unmodified,,0.95,0,nm,in vitro,a-sarcin digestion assays,not_specified
470,S040714056,AJ278710,GGTCCTCTCG,2654,2663,10,CGAGAGGACC,GCTCTCCTGG,Unmodified,,0.5,0,nm,in vitro,a-sarcin digestion assays,not_specified
471,S040714057,AJ278710,GGTCCTCTCGTACTA,2649,2663,15,UAGUACGAGAGGACC,ATCATGCTCTCCTGG,Unmodified,,0.42,0,nm,in vitro,a-sarcin digestion assays,not_specified
473,S040714059,X03363,CTCCATGGTGCTCAC,166,180,15,GUGAGCACCAUGGAG,CACTCGTGGTACCTC,phosphorothioate-modified,,0.32,300,nm,in vitro, protein level,not_specified
474,S040714060,X03363,GGTGCTCACTGCGGC,160,174,15,GCCGCAGUGAGCACC,CGGCGTCACTCGTGG,phosphorothioate-modified,,0.5,300,nm,in vitro, protein level,not_specified
476,S040714062,X03363,CAAGGCCGCCAGCTC,178,192,15,GAGCUGGCGGCCUUG,CTCGACCGCCGGAAC,phosphorothioate-modified,,0.2,300,nm,in vitro, protein level,not_specified
477,S040714063,X03363,TGCGGCTCCGGCCCC,151,165,15,GGGGCCGGAGCCGCA,CCCCGGCCTCGGCGT,phosphorothioate-modified,,0.5,300,nm,in vitro, protein level,not_specified
478,S040714064,M10988,CTTTTTGAGCCAGAAGAGGT,865,884,20,ACCUCUUCUGGCUCAAAAAG,TGGAGAAGACCGAGTTTTTC,Unmodified,,1,20000,nm,in vitro, mRNA level,not_specified
479,S040714065,M10988,ATACCCCGGTCTCCCAAATA,1297,1316,20,UAUUUGGGAGACCGGGGUAU,ATAAACCCTCTGGCCCCATA,Unmodified,,0.53,20000,nm,in vitro, mRNA level,not_specified
480,S040714066,M10988,GTAGGCCGATTACAGACACA,1528,1547,20,UGUGUCUGUAAUCGGCCUAC,ACACAGACATTAGCCGGATG,Unmodified,,0.6,20000,nm,in vitro, mRNA level,not_specified
481,S040714067,M10988,CTTTCAGTGCTCATGGTGTC,80,99,20,GACACCAUGAGCACUGAAAG,CTGTGGTACTCGTGACTTTC,Unmodified,,0.2,20000,nm,in vitro, mRNA level,not_specified
487,S040714073,NM_021975,GGGGAACAGTTCGTCCATGGC,70,90,21,GCCAUGGACGAACUGUUCCCC,CGGTACCTGCTTGACAAGGGG,phosphorothioate-modified,,1,1000,nm,in vitro, Inhibition of binding,not_specified
488,S040714074,NM_000657,TCTCCCAGCGTGCGCCAT,147,164,18,AUGGCGCACGCUGGGAGA,TACCGCGTGCGACCCTCT,phosphorothioate-modified,,1,3000,nm,in vitro, mRNA level,not_specified
489,S040714075,NM_030985,GTCGAATTCCGAGACTCATA,809,828,20,UAUGAGUCUCGGAAUUCGAC,ATACTCAGAGCCTTAAGCTG,phosphorothioate-modified,,1,200,nm,in vitro, mRNA level,not_specified
491,S040714077,X63564,TCGCCGTAGCGCAGCTGC,3047,3064,18,GCAGCUGCGCUACGGCGA,CGTCGACGCGATGCCGCT,phosphorothioate-modified,,0.9,800,nm,in vitro, mRNA level,not_specified
492,L040620001,NM_000791,CCTCCGAGCCCGCTCG,448,463,16,CGAGCGGGCUCGGAGG,GCTCGCCCGAGCCTCC,unmodified,,0.48,0,nm,,,not_specified
493,L040620002,NM_000791,ACCTCCGAGCCCGCTCGT,447,464,18,ACGAGCGGGCUCGGAGGU,TGCTCGCCCGAGCCTCCA,unmodified,,0.71,0,nm,,,not_specified
494,L040620003,NM_000791,GACCTCCGAGCCCGCTCGTT,446,465,20,AACGAGCGGGCUCGGAGGUC,TTGCTCGCCCGAGCCTCCAG,unmodified,,0.72,0,nm,,,not_specified
495,L040620004,NM_000791,CATGACAGCAGCGGGAGGAC,463,482,20,GUCCUCCCGCUGCUGUCAUG,CAGGAGGGCGACGACAGTAC,unmodified,,0.8,0,nm,,,not_specified
496,L040620005,NM_000791,TGCAGTTTAGCGAACCAACC,482,501,20,GGUUGGUUCGCUAAACUGCA,CCAACCAAGCGATTTGACGT,unmodified,,0.23,0,nm,,,not_specified
497,L040620006,NM_000791,GCGAACCAACC,482,492,11,GGUUGGUUCGC,CCAACCAAGCG,unmodified,,0.75,0,nm,,,not_specified
498,L040620007,NM_000791,AGCAGCGGGAGGAC,463,476,14,GUCCUCCCGCUGCU,CAGGAGGGCGACGA,unmodified,,0.28,0,nm,,,not_specified
499,L040620008,NM_000791,CTCCGAGCCCGCTC,449,462,14,GAGCGGGCUCGGAG,CTCGCCCGAGCCTC,unmodified,,0.4,0,nm,,,not_specified
500,L040620009,NM_001168,GGCACCCATGCCGCCGCCGC,39,58,20,GCGGCGGCGGCAUGGGUGCC,CGCCGCCGCCGTACCCACGG,phosphorothioate-modified,,0.5,600,nm,in vitro,mRNA level,RT-PCR
501,L040620010,NM_001168,TGAATGTAGAGATGCGGTGG,97,116,20,CCACCGCAUCUCUACAUUCA,GGTGGCGTAGAGATGTAAGT,phosphorothioate-modified,,0.2,600,nm,in vitro,mRNA level,RT-PCR
502,L040620011,NM_001168,CCCAGCCTTCCAGCTCCTTG,232,251,20,CAAGGAGCUGGAAGGCUGGG,GTTCCTCGACCTTCCGACCC,phosphorothioate-modified,,0.7,600,nm,in vitro,mRNA level,RT-PCR
503,L040620012,NM_001168,CTGTGACAGCCTCAACAACA,861,880,20,UGUUGUUGAGGCUGUCACAG,ACAACAACTCCGACAGTGTC,phosphorothioate-modified,,0.3,600,nm,in vitro,mRNA level,RT-PCR
504,L040620013,NM_001168,GAGGGCGAATCAAATCCATC,1501,1520,20,GAUGGAUUUGAUUCGCCCUC,CTACCTAAACTAAGCGGGAG,phosphorothioate-modified,,0.45,600,nm,in vitro,mRNA level,RT-PCR
505,L040620014,NM_001168,TCACCAAGGGTTAATTCTTC,329,348,20,GAAGAAUUAACCCUUGGUGA,CTTCTTAATTGGGAACCACT,phosphorothioate-modified,,0.18,600,nm,in vitro,mRNA level,RT-PCR
506,L040620015,BC020946,GTGAACTCCATCTCGTCCATGCCCTCG,1365,1391,27,CGAGGGCAUGGACGAGAUGGAGUUCAC,GCTCCCGTACCTGCTCTACCTCAAGTG,unmodified,,0.6,9800,nm,in vitro,mRNA,autoradiographs
508,L040620019,M10843,CTCACTGGACAGATGCA,58,74,17,UGCAUCUGUCCAGUGAG,ACGTAGACAGGTCACTC,unmodified,,0.84,50,nm,in vitro,mRNA level,centrifugal assay
509,L040620020,M10843,CCTCACTGGACAGATGC,59,75,17,GCAUCUGUCCAGUGAGG,CGTAGACAGGTCACTCC,unmodified,,0.78,50,nm,in vitro,mRNA level,centrifugal assay
510,L040620021,M10843,ACAGAATGGTGCATCTG,49,65,17,ACAGAAUGGUGCAUCUG,GTCTACGTGGTAAGACA,unmodified,,0.98,50,nm,in vitro,mRNA level,centrifugal assay
511,L040620022,M10843,CTCACTGAAGGCAGCCA,259,275,17,UGGCUGCCUUCAGUGAG,ACCGACGGAAGTCACTC,unmodified,,0.82,50,nm,in vitro,mRNA level,centrifugal assay
512,L040620023,M10843,CACAGGGCAGTGACCGC,84,100,17,GCGGUCACUGCCCUGUG,CGCCAGTGACGGGACAC,unmodified,,0.79,50,nm,in vitro,mRNA level,centrifugal assay
513,L040620024,M10843,GGCAGTGACCGCAGACT,79,95,17,AGUCUGCGGUCACUGCC,TCAGACGCCAGTGACGG,unmodified,,0.3,50,nm,in vitro,mRNA level,centrifugal assay
514,L040620025,M10843,AACCAGCAGCCTGCCCA,139,155,17,UGGGCAGGCUGCUGGUU,ACCCGTCCGACGACCAA,unmodified,,0.99,50,nm,in vitro,mRNA level,centrifugal assay
515,L040620026,M10843,ACCAGCCACCACCTTCT,448,464,17,AGAAGGUGGUGGCUGGU,TCTTCCACCACCGACCA,unmodified,,0.92,50,nm,in vitro,mRNA level,centrifugal assay
516,L040620027,M10843,ACCTTCTGATAGGCAGC,438,454,17,GCUGCCUAUCAGAAGGU,CGACGGATAGTCTTCCA,unmodified,,0.95,50,nm,in vitro,mRNA level,centrifugal assay
517,L040620028,M10843,CTTAGGATTGTTCATAA,217,233,17,UUAUGAACAAUCCUAAG,AATACTTGTTAGGATTC,unmodified,,0.62,50,nm,in vitro,mRNA level,centrifugal assay
518,L040620029,M10843,CTTCTTCCACATTCACC,107,123,17,GGUGAAUGUGGAAGAAG,CCACTTACACCTTCTTC,unmodified,,0.42,50,nm,in vitro,mRNA level,centrifugal assay
519,L040620030,M10843,TCTGTTTTGGGGGATTG,33,49,17,CAAUCCCCCAAAACAGA,GTTAGGGGGTTTTGTCT,unmodified,,0.34,50,nm,in vitro,mRNA level,centrifugal assay
520,L040620031,M10843,CATTCACCTTGCCCCAC,98,114,17,GUGGGGCAAGGUGAAUG,CACCCCGTTCCACTTAC,unmodified,,0.22,50,nm,in vitro,mRNA level,centrifugal assay
521,L040620032,M10843,GGGTAGACAACCAGCAG,147,163,17,CUGCUGGUUGUCUACCC,GACGACCAACAGATGGG,unmodified,,0.91,50,nm,in vitro,mRNA level,centrifugal assay
522,L040620033,M10843,TTCCACATTCACCTTGC,103,119,17,GCAAGGUGAAUGUGGAA,CGTTCCACTTACACCTT,unmodified,,0.21,50,nm,in vitro,mRNA level,centrifugal assay
523,B040727001,NM_013642,ACCGCGCTTTCCTCCCGCCG,1,20,20,CGGCGGGAGGAAAGCGCGGU,GCCGCCCTCCTTTCGCGCCA,phosphorothioate-modified,,0.48,200,nm,in vitro,mRNA level,Northern blot
524,B040727002,NM_013642,CGATCTTGTGCGGTGTCCTG,64,83,20,CAGGACACCGCACAAGAUCG,GTCCTGTGGCGTGTTCTAGC,phosphorothioate-modified,,0.13,200,nm,in vitro,mRNA level,Northern blot
525,B040727003,NM_013642,AGCCCCAGCGACCCCAGCGT,116,135,20,ACGCUGGGGUCGCUGGGGCU,TGCGACCCCAGCGACCCCGA,phosphorothioate-modified,,0,200,nm,in vitro,mRNA level,Northern blot
526,B040727004,NM_013642,TCACCATGGCCAGCCCCAGC,127,146,20,GCUGGGGCUGGCCAUGGUGA,CGACCCCGACCGGTACCACT,phosphorothioate-modified,,0.16,200,nm,in vitro,mRNA level,Northern blot
527,B040727005,NM_013642,CCCACCTCCATCACCATGGC,137,156,20,GCCAUGGUGAUGGAGGUGGG,CGGTACCACTACCTCCACCC,phosphorothioate-modified,,0.48,200,nm,in vitro,mRNA level,Northern blot
528,B040727006,NM_013642,TAAATAAGGACCAGCTCCCA,1333,1352,20,UGGGAGCUGGUCCUUAUUUA,ACCCTCGACCAGGAATAAAT,phosphorothioate-modified,,0.59,200,nm,in vitro,mRNA level,Northern blot
529,B040727007,NM_013642,GGAACTCAGTGGAACTCAGG,1382,1401,20,CCUGAGUUCCACUGAGUUCC,GGACTCAAGGTGACTCAAGG,phosphorothioate-modified,,0.88,200,nm,in vitro,mRNA level,Northern blot
530,B040727008,NM_013642,CTCTTCTGCCCTGTTTTGTC,1492,1511,20,GACAAAACAGGGCAGAAGAG,CTGTTTTGTCCCGTCTTCTC,phosphorothioate-modified,,0.7,200,nm,in vitro,mRNA level,Northern blot
531,B040727009,NM_013642,CGCGCATGTCATCGGGAATG,1597,1616,20,CAUUCCCGAUGACAUGCGCG,GTAAGGGCTACTGTACGCGC,phosphorothioate-modified,,0.7,200,nm,in vitro,mRNA level,Northern blot
533,B040727011,NM_013642,TACAAGATAGTACAGTACGC,1723,1742,20,GCGUACUGUACUAUCUUGUA,CGCATGACATGATAGAACAT,phosphorothioate-modified,,0.7,200,nm,in vitro,mRNA level,Northern blot
534,L040719092,AF025846,TTTTTCTCCTTCTTCAGA,1535,1552,18,UCUGAAGAAGGAGAAAAA,AGACTTCTTCCTCTTTTT,phosphorothioate-modified,,0.26,26,nm,in vitro,mRNA level,RT-PCR
535,L040719093,AF025846,CACCTTTCTCTTTGAATG,1647,1664,18,CAUUCAAAGAGAAAGGUG,GTAAGTTTCTCTTTCCAC,phosphorothioate-modified,,0.41,26,nm,in vitro,mRNA level,RT-PCR
536,L040719094,AF025846,CGTTTCCTTTGTTCTGGA,1054,1071,18,UCCAGAACAAAGGAAACG,AGGTCTTGTTTCCTTTGC,phosphorothioate-modified,,0.86,26,nm,in vitro,mRNA level,RT-PCR
537,L040719095,AF025846,TAGCTATAATGAAATGCC,1408,1425,18,GGCAUUUCAUUAUAGCUA,CCGTAAAGTAATATCGAT,phosphorothioate-modified,,0.36,26,nm,in vitro,mRNA level,RT-PCR
538,L040620037,X02152,GGCGGTCGTCGGGGG,44,58,15,CCCCCGACGACCGCC,GGGGGCTGCTGGCGG,phosphorothioate-modified,,0.4,1000,nm,in vitro,mRNA level,kinetic PCR
539,L040620038,Y00711,CGCCATGTTCCCCCA,626,640,15,UGGGGGAACAUGGCG,ACCCCCTTGTACCGC,phosphorothioate-modified,,0.6,1000,nm,in vitro,mRNA level,kinetic PCR
540,L040620039,J03166,GACTCGTAGCGACAT,94,108,15,AUGUCGCUACGAGUC,TACAGCGATGCTCAG,unmodified,,0,1000,nm,in vitro,mRNA level,RNase protection
541,L040620040,J03166,GTTTTCTGCATTTGC,124,138,15,GCAAAUGCAGAAAAC,CGTTTACGTCTTTTG,unmodified,,1,1000,nm,in vitro,mRNA level,RNase protection
542,L040620041,J03166,TTTTCACATTGTTTT,134,148,15,AAAACAAUGUGAAAA,TTTTGTTACACTTTT,unmodified,,1,1000,nm,in vitro,mRNA level,RNase protection
543,L040620042,J03166,CCTCTTTCCAGCCAA,154,168,15,UUGGCUGGAAAGAGG,AACCGACCTTTCTCC,unmodified,,1,1000,nm,in vitro,mRNA level,RNase protection
545,L040620044,BC071014,ACATTCTCTGCATTG,69,83,15,CAAUGCAGAGAAUGU,GTTACGTCTCTTACA,unmodified,,1,1000,nm,in vitro,mRNA level,RNase protection
546,L040620045,BC071014,AGCTTTCTTTCCAGC,97,111,15,GCUGGAAAGAAAGCU,CGACCTTTCTTTCGA,unmodified,,1,1000,nm,in vitro,mRNA level,RNase protection
547,L040620046,BC071014,TAGGCTTTGGTACAG,125,139,15,CUGUACCAAAGCCUA,GACATGGTTTCGGAT,unmodified,,1,1000,nm,in vitro,mRNA level,RNase protection
548,L040620047,AJ304992,AGCCCAAGTAGCCAT,43,57,15,AUGGCUACUUGGGCU,TACCGATGAACCCGA,unmodified,,0,1000,nm,in vitro,mRNA level,RNase protection
549,L040620048,AJ304992,TCCATCTGTCCTGTA,66,80,15,UACAGGACAGAUGGA,ATGTCCTGTCTACCT,unmodified,,1,1000,nm,in vitro,mRNA level,RNase protection
550,L040620049,AJ304992,CACTCCACCCACGAC,88,102,15,GUCGUGGGUGGAGUG,CAGCACCCACCTCAC,unmodified,,1,1000,nm,in vitro,mRNA level,RNase protection
551,L040620050,AJ304992,GTCCATGTACTTTCA,116,130,15,UGAAAGUACAUGGAC,ACTTTCATGTACCTG,unmodified,,1,1000,nm,in vitro,mRNA level,RNase protection
552,L040620051,AJ304992,TGTCCATGTACTTTCACTTTG,111,131,21,CAAAGUGAAAGUACAUGGACA,GTTTCACTTTCATGTACCTGT,unmodified,,1,1000,nm,in vitro,mRNA level,RNase protection
553,L040620052,AJ304992,CAAGTAGCCATACTCC,38,53,16,GGAGUAUGGCUACUUG,CCTCATACCGATGAAC,unmodified,,0,1000,nm,in vitro,mRNA level,RNase protection
554,L040620053,AJ304992,GTCCATGTACTTTCACTTTGG,110,130,21,CCAAAGUGAAAGUACAUGGAC,GGTTTCACTTTCATGTACCTG,unmodified,,1,1000,nm,in vitro,mRNA level,RNase protection
555,L040620054,AJ304992,TACGCATAGCAGCCCAAGTAG,47,67,21,CUACUUGGGCUGCUAUGCGUA,GATGAACCCGACGATACGCAT,unmodified,,0,1000,nm,in vitro,mRNA level,RNase protection
556,L040620055,AJ304992,TTGTCCATCTGTCCTGTACGC,63,83,21,GCGUACAGGACAGAUGGACAA,CGCATGTCCTGTCTACCTGTT,unmodified,,1,1000,nm,in vitro,mRNA level,RNase protection
557,L040620056,AJ304992,GTCCATGTACTTTCACTT,113,130,18,AAGUGAAAGUACAUGGAC,TTCACTTTCATGTACCTG,unmodified,,1,1000,nm,in vitro,mRNA level,RNase protection
558,L040620057,AJ304992,CTGCCACCACTCCACCCACGA,89,109,21,UCGUGGGUGGAGUGGUGGCAG,AGCACCCACCTCACCACCGTC,unmodified,,1,1000,nm,in vitro,mRNA level,RNase protection
559,L040620058,AJ304992,CAGCCCAAGTAGCCATAC,41,58,18,GUAUGGCUACUUGGGCUG,CATACCGATGAACCCGAC,unmodified,,0,1000,nm,in vitro,mRNA level,RNase protection
560,L040620059,AJ304992,AGCAGCCCAAGTAGCCAT,43,60,18,AUGGCUACUUGGGCUGCU,TACCGATGAACCCGACGA,unmodified,,0,1000,nm,in vitro,mRNA level,RNase protection
561,L040620060,AJ304992,TGTACGCATAGCAGCCC,53,69,17,GGGCUGCUAUGCGUACA,CCCGACGATACGCATGT,unmodified,,0,1000,nm,in vitro,mRNA level,RNase protection
562,L040620061,AJ304992,TTGTCCATCTGTCCTGTACG,64,83,20,CGUACAGGACAGAUGGACAA,GCATGTCCTGTCTACCTGTT,unmodified,,1,1000,nm,in vitro,mRNA level,RNase protection
563,L040620062,AJ304992,CTGCATTGTCCATCTGTC,71,88,18,GACAGAUGGACAAUGCAG,CTGTCTACCTGTTACGTC,unmodified,,1,1000,nm,in vitro,mRNA level,RNase protection
564,L040620063,AJ304992,CTGCATTGTCCATCTG,73,88,16,CAGAUGGACAAUGCAG,GTCTACCTGTTACGTC,unmodified,,1,1000,nm,in vitro,mRNA level,RNase protection
565,L040620064,AJ304992,ACTTTCACTTTGGCTGCC,105,122,18,GGCAGCCAAAGUGAAAGU,CCGTCGGTTTCACTTTCA,unmodified,,1,1000,nm,in vitro,mRNA level,RNase protection
566,L040620065,AJ304992,GTCCATGTACTTTCAC,115,130,16,GUGAAAGUACAUGGAC,CACTTTCATGTACCTG,unmodified,,1,1000,nm,in vitro,mRNA level,RNase protection
581,L040620080,AF027127,AGGGTCGCTCGGTGT,71,85,15,ACACCGAGCGACCCU,TGTGGCTCGCTGGGA,unmodified,,0.93,200,nm,in vitro,mRNA level,Fluorescence microscopy
601,L040620100,AF027127,GTCTTCCATTTTACC,164,178,15,GGUAAAAUGGAAGAC,CCATTTTACCTTCTG,unmodified,,0.73,100,nm,in vitro,mRNA level,Fluorescence microscopy
